Date,Open,High,Low,Close,Adj Close,Volume,Dividends,Stock Splits
2020-08-10 00:00:00-04:00,100.94000244140625,101.26000213623047,100.02999877929688,100.04000091552734,91.50205993652344,2776300,0.0,0.0
2020-08-11 00:00:00-04:00,100.43000030517578,100.43000030517578,98.66999816894531,99.05999755859375,90.6056900024414,4823000,0.0,0.0
2020-08-12 00:00:00-04:00,99.55000305175781,101.0999984741211,99.31999969482422,100.6500015258789,92.05998229980469,2668900,0.0,0.0
2020-08-13 00:00:00-04:00,100.33999633789062,101.2699966430664,100.0,101.0999984741211,92.47157287597656,2951700,0.0,0.0
2020-08-14 00:00:00-04:00,100.93000030517578,101.22000122070312,99.58000183105469,99.98999786376953,91.45631408691406,2739900,0.0,0.0
2020-08-17 00:00:00-04:00,100.30000305175781,101.41999816894531,100.20999908447266,100.70999908447266,92.11486053466797,4657400,0.0,0.0
2020-08-18 00:00:00-04:00,101.08999633789062,101.72000122070312,100.43000030517578,100.95999908447266,92.3435287475586,3777600,0.0,0.0
2020-08-19 00:00:00-04:00,101.08000183105469,101.62000274658203,100.33000183105469,100.4800033569336,91.90449523925781,2716800,0.0,0.0
2020-08-20 00:00:00-04:00,99.98999786376953,102.0199966430664,99.75,101.62999725341797,92.95635223388672,3548600,0.0,0.0
2020-08-21 00:00:00-04:00,101.62999725341797,102.54000091552734,100.83999633789062,102.4000015258789,93.66062927246094,3585000,0.0,0.0
2020-08-24 00:00:00-04:00,102.69999694824219,103.2300033569336,100.69999694824219,101.38999938964844,92.73683166503906,3212700,0.0,0.0
2020-08-25 00:00:00-04:00,101.9800033569336,102.9000015258789,101.5199966430664,102.47000122070312,93.72466278076172,2626400,0.0,0.0
2020-08-26 00:00:00-04:00,101.98999786376953,103.29000091552734,101.26000213623047,103.19000244140625,94.3832015991211,2968800,0.0,0.0
2020-08-27 00:00:00-04:00,111.01000213623047,114.0,109.5199966430664,111.29000091552734,101.79192352294922,36319000,0.0,0.0
2020-08-28 00:00:00-04:00,113.54000091552734,114.19999694824219,109.41000366210938,110.79000091552734,101.33460235595703,17204000,0.0,0.0
2020-08-31 00:00:00-04:00,110.69999694824219,111.73999786376953,109.26000213623047,109.47000122070312,100.12725067138672,6943200,0.0,0.0
2020-09-01 00:00:00-04:00,108.93000030517578,109.06999969482422,105.58000183105469,106.55000305175781,97.45645141601562,7963100,0.0,0.0
2020-09-02 00:00:00-04:00,106.44999694824219,109.91000366210938,105.87999725341797,109.44000244140625,100.09979248046875,5843700,0.0,0.0
2020-09-03 00:00:00-04:00,108.69999694824219,108.94000244140625,104.30000305175781,105.52999877929688,96.52350616455078,6096900,0.0,0.0
2020-09-04 00:00:00-04:00,105.44999694824219,106.04000091552734,102.41999816894531,104.16000366210938,95.27043914794922,5027700,0.0,0.0
2020-09-08 00:00:00-04:00,103.16999816894531,103.81999969482422,102.43000030517578,102.83999633789062,94.0630874633789,5217700,0.0,0.0
2020-09-09 00:00:00-04:00,104.26000213623047,106.93000030517578,104.12999725341797,105.80999755859375,96.77960205078125,4365100,0.0,0.0
2020-09-10 00:00:00-04:00,105.5999984741211,105.5999984741211,103.7300033569336,104.0,95.12407684326172,4271200,0.0,0.0
2020-09-11 00:00:00-04:00,105.27999877929688,105.69999694824219,104.31999969482422,104.69999694824219,95.76433563232422,4111000,0.0,0.0
2020-09-14 00:00:00-04:00,105.58999633789062,106.66000366210938,105.12000274658203,105.69000244140625,96.66985321044922,3824100,0.0,0.0
2020-09-15 00:00:00-04:00,107.0,107.52999877929688,106.16999816894531,106.58000183105469,97.48389434814453,3654900,0.0,0.0
2020-09-16 00:00:00-04:00,106.94999694824219,107.37000274658203,105.66000366210938,105.69999694824219,96.67899322509766,4242500,0.0,0.0
2020-09-17 00:00:00-04:00,104.95999908447266,106.75,104.38999938964844,106.66000366210938,97.55706787109375,4283500,0.0,0.0
2020-09-18 00:00:00-04:00,106.55999755859375,107.98999786376953,106.13999938964844,106.86000061035156,97.73999786376953,7622400,0.0,0.0
2020-09-21 00:00:00-04:00,105.80000305175781,106.45999908447266,104.45999908447266,105.94999694824219,96.90766143798828,4559800,0.0,0.0
2020-09-22 00:00:00-04:00,105.45999908447266,105.5199966430664,103.56999969482422,104.80000305175781,95.8558120727539,4180300,0.0,0.0
2020-09-23 00:00:00-04:00,104.98999786376953,104.98999786376953,102.2300033569336,102.7300033569336,93.96246337890625,4040100,0.0,0.0
2020-09-24 00:00:00-04:00,102.75,103.52999877929688,100.47000122070312,100.91999816894531,92.30693817138672,7604000,0.0,0.0
2020-09-25 00:00:00-04:00,100.55999755859375,103.61000061035156,100.33999633789062,103.44999694824219,94.62100219726562,5060300,0.0,0.0
2020-09-28 00:00:00-04:00,104.23999786376953,105.25,103.81999969482422,104.44000244140625,95.52654266357422,5515500,0.0,0.0
2020-09-29 00:00:00-04:00,106.01000213623047,106.41000366210938,104.91999816894531,105.19000244140625,96.21250915527344,4464300,0.0,0.0
2020-09-30 00:00:00-04:00,105.98999786376953,109.4800033569336,105.73999786376953,108.83000183105469,99.54187774658203,9487000,0.0,0.0
2020-10-01 00:00:00-04:00,109.18000030517578,110.33000183105469,108.37999725341797,108.63999938964844,99.36808013916016,7242100,0.0,0.0
2020-10-02 00:00:00-04:00,107.68000030517578,108.66000366210938,106.33000183105469,106.5,97.41070556640625,5590500,0.0,0.0
2020-10-05 00:00:00-04:00,107.18000030517578,108.6500015258789,107.18000030517578,108.55999755859375,99.29490661621094,3603400,0.0,0.0
2020-10-06 00:00:00-04:00,108.55999755859375,108.7699966430664,106.05000305175781,106.25,97.18203735351562,3992600,0.0,0.0
2020-10-07 00:00:00-04:00,107.37000274658203,108.18000030517578,106.93000030517578,107.73999786376953,98.5448989868164,4162400,0.0,0.0
2020-10-08 00:00:00-04:00,108.13999938964844,109.12999725341797,107.41999816894531,108.54000091552734,99.27659606933594,4168400,0.0,0.0
2020-10-09 00:00:00-04:00,109.33999633789062,109.97000122070312,108.80000305175781,109.6500015258789,100.2918701171875,3060700,0.0,0.0
2020-10-12 00:00:00-04:00,110.25,111.56999969482422,109.76000213623047,111.05000305175781,101.5723876953125,4201800,0.0,0.0
2020-10-13 00:00:00-04:00,110.5,110.98999786376953,108.25,108.37000274658203,99.12112426757812,4773600,0.0,0.0
2020-10-14 00:00:00-04:00,108.61000061035156,109.83000183105469,107.33999633789062,107.75,98.88253021240234,4191600,0.36,0.0
2020-10-15 00:00:00-04:00,106.8499984741211,107.73999786376953,106.30999755859375,107.31999969482422,98.48790740966797,3518500,0.0,0.0
2020-10-16 00:00:00-04:00,107.69999694824219,110.37999725341797,107.69999694824219,109.66999816894531,100.6445083618164,4363500,0.0,0.0
2020-10-19 00:00:00-04:00,109.9000015258789,111.04000091552734,107.81999969482422,108.04000091552734,99.1486587524414,4228500,0.0,0.0
2020-10-20 00:00:00-04:00,108.3499984741211,109.88999938964844,108.11000061035156,108.36000061035156,99.44232177734375,3873500,0.0,0.0
2020-10-21 00:00:00-04:00,108.01000213623047,109.0,104.75,105.93000030517578,97.21228790283203,5716000,0.0,0.0
2020-10-22 00:00:00-04:00,106.41999816894531,110.05000305175781,106.23999786376953,109.4800033569336,100.47013092041016,4953800,0.0,0.0
2020-10-23 00:00:00-04:00,109.63999938964844,110.0,107.56999969482422,107.79000091552734,98.9192123413086,3573000,0.0,0.0
2020-10-26 00:00:00-04:00,107.56999969482422,109.16000366210938,107.05000305175781,109.0,100.0296401977539,7298000,0.0,0.0
2020-10-27 00:00:00-04:00,108.88999938964844,109.75,108.33000183105469,108.58000183105469,99.64419555664062,4518000,0.0,0.0
2020-10-28 00:00:00-04:00,106.80999755859375,107.41000366210938,105.37999725341797,106.41999816894531,97.6619644165039,7104700,0.0,0.0
2020-10-29 00:00:00-04:00,106.37999725341797,106.58000183105469,104.56999969482422,105.0,96.35884857177734,4237600,0.0,0.0
2020-10-30 00:00:00-04:00,104.76000213623047,105.55000305175781,103.12999725341797,105.11000061035156,96.45977783203125,4433200,0.0,0.0
2020-11-02 00:00:00-05:00,107.08999633789062,108.69999694824219,106.11000061035156,107.4800033569336,98.6347427368164,5907100,0.0,0.0
2020-11-03 00:00:00-05:00,108.73999786376953,110.80000305175781,108.36000061035156,109.55999755859375,100.54356384277344,3870100,0.0,0.0
2020-11-04 00:00:00-05:00,110.16999816894531,114.2300033569336,110.11000061035156,111.52999877929688,102.35144805908203,7421200,0.0,0.0
2020-11-05 00:00:00-05:00,113.51000213623047,114.83999633789062,112.72000122070312,113.52999877929688,104.18683624267578,5139900,0.0,0.0
2020-11-06 00:00:00-05:00,113.87999725341797,115.13999938964844,112.83999633789062,114.41999816894531,105.00359344482422,5644100,0.0,0.0
2020-11-09 00:00:00-05:00,111.80000305175781,113.20999908447266,106.19000244140625,109.38999938964844,100.3875503540039,13990700,0.0,0.0
2020-11-10 00:00:00-05:00,109.25,111.58999633789062,108.4000015258789,110.80999755859375,101.69068145751953,5243500,0.0,0.0
2020-11-11 00:00:00-05:00,111.94000244140625,112.94999694824219,111.47000122070312,112.6500015258789,103.37926483154297,3994000,0.0,0.0
2020-11-12 00:00:00-05:00,112.41000366210938,112.86000061035156,111.30000305175781,111.94999694824219,102.73685455322266,2816800,0.0,0.0
2020-11-13 00:00:00-05:00,113.0,113.08999633789062,111.41999816894531,112.5999984741211,103.33338165283203,3918900,0.0,0.0
2020-11-16 00:00:00-05:00,112.05000305175781,113.75,111.58999633789062,113.66999816894531,104.3153076171875,4144900,0.0,0.0
2020-11-17 00:00:00-05:00,113.22000122070312,114.62000274658203,112.33999633789062,113.05999755859375,103.75552368164062,3793000,0.0,0.0
2020-11-18 00:00:00-05:00,113.66999816894531,113.70999908447266,109.75,109.7699966430664,100.73627471923828,4545700,0.0,0.0
2020-11-19 00:00:00-05:00,110.0,111.19999694824219,109.26000213623047,111.0,101.86505889892578,3548100,0.0,0.0
2020-11-20 00:00:00-05:00,110.73999786376953,111.76000213623047,110.06999969482422,110.88999938964844,101.76409912109375,4075300,0.0,0.0
2020-11-23 00:00:00-05:00,111.43000030517578,111.5199966430664,108.86000061035156,109.2699966430664,100.27742004394531,4105500,0.0,0.0
2020-11-24 00:00:00-05:00,109.30999755859375,109.58999633789062,107.25,107.61000061035156,98.75403594970703,7316300,0.0,0.0
2020-11-25 00:00:00-05:00,107.05000305175781,108.4000015258789,105.62999725341797,106.41000366210938,97.65279388427734,6224100,0.0,0.0
2020-11-27 00:00:00-05:00,106.66999816894531,107.75,105.87000274658203,107.62000274658203,98.76322937011719,1979000,0.0,0.0
2020-11-30 00:00:00-05:00,107.7699966430664,108.55000305175781,107.08999633789062,108.22000122070312,99.3138427734375,5702300,0.0,0.0
2020-12-01 00:00:00-05:00,109.23999786376953,109.5999984741211,108.06999969482422,108.48999786376953,99.5616226196289,4265200,0.0,0.0
2020-12-02 00:00:00-05:00,108.30999755859375,108.62999725341797,107.36000061035156,108.1500015258789,99.2496109008789,3444700,0.0,0.0
2020-12-03 00:00:00-05:00,108.1500015258789,108.63999938964844,107.08000183105469,107.52999877929688,98.68060302734375,3846300,0.0,0.0
2020-12-04 00:00:00-05:00,107.08000183105469,108.2699966430664,106.93000030517578,107.9000015258789,99.02017211914062,4686800,0.0,0.0
2020-12-07 00:00:00-05:00,107.72000122070312,108.30000305175781,106.63999938964844,107.18000030517578,98.35942840576172,6928000,0.0,0.0
2020-12-08 00:00:00-05:00,106.80000305175781,107.23999786376953,106.20999908447266,106.80000305175781,98.01071166992188,6643500,0.0,0.0
2020-12-09 00:00:00-05:00,107.0999984741211,107.69000244140625,105.5199966430664,106.31999969482422,97.57019805908203,5742400,0.0,0.0
2020-12-10 00:00:00-05:00,106.76000213623047,107.08999633789062,106.04000091552734,106.5199966430664,97.75375366210938,4828500,0.0,0.0
2020-12-11 00:00:00-05:00,106.0999984741211,107.3499984741211,105.31999969482422,107.0199966430664,98.21260833740234,4719000,0.0,0.0
2020-12-14 00:00:00-05:00,107.5,109.16999816894531,106.7699966430664,106.79000091552734,98.00151062011719,6250000,0.0,0.0
2020-12-15 00:00:00-05:00,106.94000244140625,108.41000366210938,106.4000015258789,107.44999694824219,98.60719299316406,5256600,0.0,0.0
2020-12-16 00:00:00-05:00,107.44999694824219,108.20999908447266,106.61000061035156,107.33999633789062,98.50623321533203,4458700,0.0,0.0
2020-12-17 00:00:00-05:00,107.83000183105469,108.94000244140625,107.61000061035156,108.77999877929688,99.8277587890625,3924300,0.0,0.0
2020-12-18 00:00:00-05:00,108.8499984741211,109.61000061035156,107.48999786376953,108.97000122070312,100.00210571289062,10669800,0.0,0.0
2020-12-21 00:00:00-05:00,107.55999755859375,108.18000030517578,105.37000274658203,108.08999633789062,99.19452667236328,4544000,0.0,0.0
2020-12-22 00:00:00-05:00,107.83000183105469,109.04000091552734,106.95999908447266,108.27999877929688,99.36888885498047,3426400,0.0,0.0
2020-12-23 00:00:00-05:00,108.87000274658203,109.68000030517578,107.43000030517578,107.44999694824219,98.60719299316406,3149500,0.0,0.0
2020-12-24 00:00:00-05:00,107.44000244140625,108.94999694824219,107.37999725341797,108.3499984741211,99.4331283569336,1451500,0.0,0.0
2020-12-28 00:00:00-05:00,108.95999908447266,109.0999984741211,107.26000213623047,107.79000091552734,98.9192123413086,2034200,0.0,0.0
2020-12-29 00:00:00-05:00,108.5,108.94000244140625,108.13999938964844,108.33000183105469,99.41480255126953,2834400,0.0,0.0
2020-12-30 00:00:00-05:00,108.69000244140625,109.12000274658203,107.83999633789062,108.44000244140625,99.51573181152344,2415800,0.0,0.0
2020-12-31 00:00:00-05:00,108.16999816894531,109.63999938964844,107.8499984741211,109.48999786376953,100.47930145263672,2982200,0.0,0.0
2021-01-04 00:00:00-05:00,109.52999877929688,110.25,107.26000213623047,109.11000061035156,100.13059997558594,6192000,0.0,0.0
2021-01-05 00:00:00-05:00,108.8499984741211,110.91000366210938,108.30000305175781,110.45999908447266,101.3695068359375,4322800,0.0,0.0
2021-01-06 00:00:00-05:00,108.94999694824219,111.02999877929688,108.58999633789062,110.2300033569336,101.1584243774414,5539600,0.0,0.0
2021-01-07 00:00:00-05:00,110.27999877929688,111.62000274658203,109.25,111.30000305175781,102.14037322998047,5568800,0.0,0.0
2021-01-08 00:00:00-05:00,111.66999816894531,112.55000305175781,110.33999633789062,111.61000061035156,102.42485809326172,4242200,0.0,0.0
2021-01-11 00:00:00-05:00,111.20999908447266,111.9800033569336,110.2300033569336,110.83999633789062,101.71822357177734,3177400,0.0,0.0
2021-01-12 00:00:00-05:00,110.5199966430664,110.72000122070312,108.33999633789062,108.83999633789062,99.8828125,5777100,0.0,0.0
2021-01-13 00:00:00-05:00,109.08999633789062,112.9000015258789,108.25,112.1500015258789,102.92042541503906,6047100,0.0,0.0
2021-01-14 00:00:00-05:00,111.20999908447266,111.66000366210938,109.75,110.04000091552734,101.39088439941406,4391000,0.45,0.0
2021-01-15 00:00:00-05:00,110.0,111.62000274658203,109.38999938964844,111.30000305175781,102.55184936523438,4480100,0.0,0.0
2021-01-19 00:00:00-05:00,111.73999786376953,113.12999725341797,110.5199966430664,112.56999969482422,103.72203826904297,6820300,0.0,0.0
2021-01-20 00:00:00-05:00,112.6500015258789,113.52999877929688,112.0,112.88999938964844,104.0168685913086,2952100,0.0,0.0
2021-01-21 00:00:00-05:00,112.25,113.54000091552734,110.26000213623047,112.94999694824219,104.07215881347656,5028100,0.0,0.0
2021-01-22 00:00:00-05:00,113.0,113.51000213623047,111.73999786376953,112.83999633789062,103.97081756591797,4163900,0.0,0.0
2021-01-25 00:00:00-05:00,113.05999755859375,115.4000015258789,113.01000213623047,114.72000122070312,105.70304107666016,4689300,0.0,0.0
2021-01-26 00:00:00-05:00,114.25,115.12000274658203,113.79000091552734,114.7300033569336,105.7122573852539,4142400,0.0,0.0
2021-01-27 00:00:00-05:00,115.19999694824219,117.77999877929688,113.5,114.29000091552734,105.30683898925781,9104900,0.0,0.0
2021-01-28 00:00:00-05:00,117.91000366210938,124.06999969482422,117.1500015258789,120.38999938964844,110.92737579345703,11296300,0.0,0.0
2021-01-29 00:00:00-05:00,120.25,124.72000122070312,119.70999908447266,123.58999633789062,113.8758773803711,10995100,0.0,0.0
2021-02-01 00:00:00-05:00,123.23999786376953,124.81999969482422,122.5,122.54000091552734,112.90838623046875,8337100,0.0,0.0
2021-02-02 00:00:00-05:00,123.4000015258789,123.72000122070312,120.2300033569336,120.23999786376953,110.7891616821289,7277000,0.0,0.0
2021-02-03 00:00:00-05:00,119.73999786376953,120.88999938964844,118.9000015258789,120.22000122070312,110.77074432373047,4991900,0.0,0.0
2021-02-04 00:00:00-05:00,119.83000183105469,120.87000274658203,118.79000091552734,119.73999786376953,110.32846069335938,4377900,0.0,0.0
2021-02-05 00:00:00-05:00,120.43000030517578,124.31999969482422,120.04000091552734,124.02999877929688,114.2812728881836,5803400,0.0,0.0
2021-02-08 00:00:00-05:00,125.0,125.80000305175781,123.7699966430664,124.5,114.7143325805664,3456000,0.0,0.0
2021-02-09 00:00:00-05:00,124.83000183105469,125.27999877929688,123.61000061035156,125.1500015258789,115.31324005126953,3424500,0.0,0.0
2021-02-10 00:00:00-05:00,125.79000091552734,126.19999694824219,124.76000213623047,125.29000091552734,115.4422378540039,4195400,0.0,0.0
2021-02-11 00:00:00-05:00,125.69000244140625,126.87000274658203,125.19999694824219,126.83999633789062,116.87040710449219,3697400,0.0,0.0
2021-02-12 00:00:00-05:00,126.41000366210938,128.5399932861328,126.25,128.22999572753906,118.15115356445312,3658700,0.0,0.0
2021-02-16 00:00:00-05:00,128.49000549316406,128.5,126.8499984741211,128.02000427246094,117.95767211914062,5174000,0.0,0.0
2021-02-17 00:00:00-05:00,127.37000274658203,128.0,126.38999938964844,127.23999786376953,117.23897552490234,3161800,0.0,0.0
2021-02-18 00:00:00-05:00,125.47000122070312,126.66000366210938,124.06999969482422,125.41000366210938,115.55281066894531,5427900,0.0,0.0
2021-02-19 00:00:00-05:00,125.25,125.38999938964844,122.66999816894531,123.04000091552734,113.36907958984375,6204200,0.0,0.0
2021-02-22 00:00:00-05:00,122.94999694824219,122.94999694824219,120.52999877929688,122.55000305175781,112.91761016845703,4842000,0.0,0.0
2021-02-23 00:00:00-05:00,122.25,123.18000030517578,120.20999908447266,120.80000305175781,111.30514526367188,5565900,0.0,0.0
2021-02-24 00:00:00-05:00,120.80000305175781,122.91000366210938,120.66000366210938,122.37999725341797,112.76097106933594,4127400,0.0,0.0
2021-02-25 00:00:00-05:00,121.66000366210938,122.76000213623047,120.7699966430664,121.58000183105469,112.02385711669922,3468900,0.0,0.0
2021-02-26 00:00:00-05:00,122.19000244140625,122.36000061035156,119.66000366210938,119.77999877929688,110.36531829833984,5197500,0.0,0.0
2021-03-01 00:00:00-05:00,120.98999786376953,122.94999694824219,120.61000061035156,122.20999908447266,112.60431671142578,3858600,0.0,0.0
2021-03-02 00:00:00-05:00,122.20999908447266,123.0999984741211,121.19000244140625,122.52999877929688,112.899169921875,4908100,0.0,0.0
2021-03-03 00:00:00-05:00,121.69000244140625,121.88999938964844,119.05999755859375,119.18000030517578,109.8124771118164,5239500,0.0,0.0
2021-03-04 00:00:00-05:00,119.0,119.80999755859375,114.73999786376953,116.01000213623047,106.89164733886719,6699600,0.0,0.0
2021-03-05 00:00:00-05:00,117.0,117.58000183105469,114.80000305175781,117.25,108.03417205810547,4859500,0.0,0.0
2021-03-08 00:00:00-05:00,117.0,118.27999877929688,115.55999755859375,115.62999725341797,106.54151916503906,3931600,0.0,0.0
2021-03-09 00:00:00-05:00,116.73999786376953,119.33999633789062,116.48999786376953,116.69999694824219,107.52741241455078,5176100,0.0,0.0
2021-03-10 00:00:00-05:00,117.23999786376953,119.19999694824219,115.31999969482422,115.87999725341797,106.77185821533203,7640200,0.0,0.0
2021-03-11 00:00:00-05:00,116.69000244140625,117.87000274658203,115.83999633789062,117.5199966430664,108.282958984375,4915700,0.0,0.0
2021-03-12 00:00:00-05:00,117.08999633789062,117.2699966430664,116.12000274658203,116.70999908447266,107.53662872314453,3714000,0.0,0.0
2021-03-15 00:00:00-04:00,117.19000244140625,118.22000122070312,116.54000091552734,118.0999984741211,108.8173599243164,4651800,0.0,0.0
2021-03-16 00:00:00-04:00,118.44999694824219,119.44000244140625,117.52999877929688,118.22000122070312,108.92794036865234,3870500,0.0,0.0
2021-03-17 00:00:00-04:00,117.66999816894531,118.22000122070312,116.91999816894531,117.62000274658203,108.3750991821289,3797200,0.0,0.0
2021-03-18 00:00:00-04:00,117.5,119.1500015258789,117.30999755859375,118.11000061035156,108.82658386230469,4253000,0.0,0.0
2021-03-19 00:00:00-04:00,118.37999725341797,120.98999786376953,117.56999969482422,120.25,110.79839324951172,11275200,0.0,0.0
2021-03-22 00:00:00-04:00,120.26000213623047,122.22000122070312,120.01000213623047,121.47000122070312,111.9224853515625,5173100,0.0,0.0
2021-03-23 00:00:00-04:00,121.7699966430664,122.1500015258789,119.87000274658203,120.48999786376953,111.01952362060547,3788500,0.0,0.0
2021-03-24 00:00:00-04:00,120.0,120.44999694824219,117.94999694824219,118.0199966430664,108.7436752319336,6521300,0.0,0.0
2021-03-25 00:00:00-04:00,118.7300033569336,119.5,117.23999786376953,119.05000305175781,109.69271087646484,5320100,0.0,0.0
2021-03-26 00:00:00-04:00,119.27999877929688,122.30000305175781,118.94000244140625,122.06999969482422,112.47532653808594,4857000,0.0,0.0
2021-03-29 00:00:00-04:00,121.0,122.73999786376953,120.05000305175781,122.2300033569336,112.62276458740234,4810100,0.0,0.0
2021-03-30 00:00:00-04:00,121.5,122.48999786376953,119.37999725341797,119.75,110.33767700195312,5054400,0.0,0.0
2021-03-31 00:00:00-04:00,120.0,121.44999694824219,119.75,119.83999633789062,110.42061614990234,5792800,0.0,0.0
2021-04-01 00:00:00-04:00,120.27999877929688,120.87000274658203,118.77999877929688,118.94000244140625,109.59133911132812,4015100,0.0,0.0
2021-04-05 00:00:00-04:00,119.6500015258789,120.3499984741211,119.08000183105469,119.86000061035156,110.43902587890625,6314600,0.0,0.0
2021-04-06 00:00:00-04:00,120.01000213623047,122.01000213623047,119.5999984741211,119.97000122070312,110.54039764404297,5146400,0.0,0.0
2021-04-07 00:00:00-04:00,119.81999969482422,120.87999725341797,119.5999984741211,120.11000061035156,110.66938781738281,4313000,0.0,0.0
2021-04-08 00:00:00-04:00,121.01000213623047,121.56999969482422,119.54000091552734,119.77999877929688,110.36531829833984,3768800,0.0,0.0
2021-04-09 00:00:00-04:00,119.6500015258789,120.93000030517578,119.3499984741211,120.9000015258789,111.39730834960938,4102500,0.0,0.0
2021-04-12 00:00:00-04:00,120.55999755859375,121.37000274658203,120.4800033569336,121.04000091552734,111.52628326416016,2915900,0.0,0.0
2021-04-13 00:00:00-04:00,121.05000305175781,123.63999938964844,120.91000366210938,123.01000213623047,113.3414306640625,4944600,0.0,0.0
2021-04-14 00:00:00-04:00,122.55000305175781,122.83000183105469,121.29000091552734,121.5,112.36117553710938,4726500,0.45,0.0
2021-04-15 00:00:00-04:00,122.4000015258789,124.68000030517578,121.9000015258789,123.94000244140625,114.61763763427734,4510900,0.0,0.0
2021-04-16 00:00:00-04:00,124.38999938964844,124.61000061035156,122.94999694824219,124.3499984741211,114.99681091308594,6243100,0.0,0.0
2021-04-19 00:00:00-04:00,123.5999984741211,125.41999816894531,123.58999633789062,124.52999877929688,115.16327667236328,6853100,0.0,0.0
2021-04-20 00:00:00-04:00,120.5,122.0,119.01000213623047,120.0,110.97400665283203,9908200,0.0,0.0
2021-04-21 00:00:00-04:00,120.43000030517578,122.8499984741211,119.86000061035156,122.5999984741211,113.37843322753906,7040300,0.0,0.0
2021-04-22 00:00:00-04:00,122.80999755859375,124.81999969482422,122.51000213623047,123.5,114.21074676513672,6366900,0.0,0.0
2021-04-23 00:00:00-04:00,123.62000274658203,124.11000061035156,122.6500015258789,123.30999755859375,114.03502655029297,5227000,0.0,0.0
2021-04-26 00:00:00-04:00,123.38999938964844,123.4000015258789,121.94999694824219,122.58000183105469,113.35995483398438,4377500,0.0,0.0
2021-04-27 00:00:00-04:00,122.0,122.55000305175781,121.0,121.69999694824219,112.54611206054688,3384900,0.0,0.0
2021-04-28 00:00:00-04:00,121.5199966430664,121.91999816894531,120.54000091552734,121.44999694824219,112.31494140625,3755900,0.0,0.0
2021-04-29 00:00:00-04:00,121.5,121.51000213623047,120.01000213623047,121.01000213623047,111.90802001953125,3889200,0.0,0.0
2021-04-30 00:00:00-04:00,120.5,121.1500015258789,119.3499984741211,120.08000183105469,111.04798126220703,4773500,0.0,0.0
2021-05-03 00:00:00-04:00,120.55000305175781,120.66000366210938,119.18000030517578,119.52999877929688,110.53935241699219,4917600,0.0,0.0
2021-05-04 00:00:00-04:00,119.19999694824219,119.29000091552734,116.43000030517578,117.54000091552734,108.69904327392578,9221800,0.0,0.0
2021-05-05 00:00:00-04:00,117.80000305175781,118.87000274658203,117.18000030517578,118.51000213623047,109.5960693359375,5632400,0.0,0.0
2021-05-06 00:00:00-04:00,118.05000305175781,118.87999725341797,116.69999694824219,118.79000091552734,109.85501861572266,4305300,0.0,0.0
2021-05-07 00:00:00-04:00,119.7699966430664,120.41999816894531,118.76000213623047,118.94999694824219,110.00296020507812,4076600,0.0,0.0
2021-05-10 00:00:00-04:00,119.19999694824219,119.94999694824219,118.75,118.94000244140625,109.99372863769531,3923200,0.0,0.0
2021-05-11 00:00:00-04:00,118.86000061035156,119.26000213623047,117.95999908447266,118.38999938964844,109.48509979248047,5520800,0.0,0.0
2021-05-12 00:00:00-04:00,117.16999816894531,117.5999984741211,116.25,116.3499984741211,107.59854888916016,4745500,0.0,0.0
2021-05-13 00:00:00-04:00,117.0,118.02999877929688,116.66999816894531,117.44999694824219,108.61579895019531,4519500,0.0,0.0
2021-05-14 00:00:00-04:00,117.98999786376953,118.81999969482422,117.33000183105469,118.30999755859375,109.41112518310547,3800500,0.0,0.0
2021-05-17 00:00:00-04:00,118.0,118.3499984741211,116.66999816894531,116.73999786376953,107.95922088623047,3732400,0.0,0.0
2021-05-18 00:00:00-04:00,116.72000122070312,118.0,116.72000122070312,116.9800033569336,108.18114471435547,3398400,0.0,0.0
2021-05-19 00:00:00-04:00,116.16000366210938,116.43000030517578,115.16000366210938,116.37999725341797,107.62628173828125,3430800,0.0,0.0
2021-05-20 00:00:00-04:00,116.55000305175781,117.97000122070312,116.41000366210938,117.80000305175781,108.9394760131836,2858200,0.0,0.0
2021-05-21 00:00:00-04:00,118.2300033569336,118.94999694824219,116.9800033569336,117.12999725341797,108.31987762451172,4629300,0.0,0.0
2021-05-24 00:00:00-04:00,118.04000091552734,118.26000213623047,117.23999786376953,117.29000091552734,108.46783447265625,3096000,0.0,0.0
2021-05-25 00:00:00-04:00,118.0,119.23999786376953,117.55999755859375,118.4000015258789,109.49433898925781,4704500,0.0,0.0
2021-05-26 00:00:00-04:00,117.5199966430664,118.27999877929688,116.05000305175781,116.75,107.96846008300781,6692900,0.0,0.0
2021-05-27 00:00:00-04:00,117.0,117.56999969482422,115.61000061035156,115.69000244140625,106.98819732666016,10358900,0.0,0.0
2021-05-28 00:00:00-04:00,116.47000122070312,117.81999969482422,116.29000091552734,116.6500015258789,107.87598419189453,4813000,0.0,0.0
2021-06-01 00:00:00-04:00,110.1500015258789,111.30000305175781,105.69000244140625,105.79000091552734,97.83284759521484,25124100,0.0,0.0
2021-06-02 00:00:00-04:00,105.79000091552734,107.93000030517578,105.36000061035156,106.9000015258789,98.8593521118164,19215100,0.0,0.0
2021-06-03 00:00:00-04:00,107.0,109.66999816894531,106.55000305175781,109.19999694824219,100.98633575439453,12118000,0.0,0.0
2021-06-04 00:00:00-04:00,109.30000305175781,109.91000366210938,108.41000366210938,109.29000091552734,101.069580078125,7197200,0.0,0.0
2021-06-07 00:00:00-04:00,109.9800033569336,110.87999725341797,109.72000122070312,110.0,101.72618103027344,7933600,0.0,0.0
2021-06-08 00:00:00-04:00,110.5,110.5,107.83000183105469,107.9000015258789,99.78413391113281,8173900,0.0,0.0
2021-06-09 00:00:00-04:00,107.80999755859375,109.52999877929688,107.5999984741211,109.05000305175781,100.84762573242188,13780400,0.0,0.0
2021-06-10 00:00:00-04:00,109.05000305175781,110.25,108.98999786376953,110.1500015258789,101.8648910522461,8012600,0.0,0.0
2021-06-11 00:00:00-04:00,110.33000183105469,110.33000183105469,109.51000213623047,109.91000366210938,101.6429214477539,6517500,0.0,0.0
2021-06-14 00:00:00-04:00,110.08000183105469,110.55999755859375,109.62999725341797,110.4800033569336,102.17005920410156,4888700,0.0,0.0
2021-06-15 00:00:00-04:00,110.94000244140625,111.4000015258789,110.0999984741211,110.41000366210938,102.1053466796875,5398800,0.0,0.0
2021-06-16 00:00:00-04:00,110.19000244140625,111.11000061035156,109.80000305175781,110.05999755859375,101.78165435791016,7051500,0.0,0.0
2021-06-17 00:00:00-04:00,109.75,111.98999786376953,109.7300033569336,111.62999725341797,103.23356628417969,5967400,0.0,0.0
2021-06-18 00:00:00-04:00,110.0,111.3499984741211,110.0,110.33000183105469,102.0313491821289,8831800,0.0,0.0
2021-06-21 00:00:00-04:00,110.25,112.16999816894531,109.7300033569336,111.44000244140625,103.05784606933594,4743300,0.0,0.0
2021-06-22 00:00:00-04:00,111.66000366210938,111.91999816894531,110.5,110.95999908447266,102.61395263671875,6519400,0.0,0.0
2021-06-23 00:00:00-04:00,110.5999984741211,111.26000213623047,110.5999984741211,110.83999633789062,102.50298309326172,4356100,0.0,0.0
2021-06-24 00:00:00-04:00,111.5,113.48999786376953,111.41000366210938,111.69999694824219,103.29830932617188,9718600,0.0,0.0
2021-06-25 00:00:00-04:00,111.87999725341797,113.26000213623047,111.51000213623047,112.72000122070312,104.2415771484375,8750400,0.0,0.0
2021-06-28 00:00:00-04:00,112.98999786376953,116.36000061035156,112.73999786376953,115.69999694824219,106.99742889404297,9567200,0.0,0.0
2021-06-29 00:00:00-04:00,115.73999786376953,118.83999633789062,115.45999908447266,117.20999908447266,108.39385223388672,8150200,0.0,0.0
2021-06-30 00:00:00-04:00,117.0,117.18000030517578,115.25,115.93000030517578,107.21013641357422,5844600,0.0,0.0
2021-07-01 00:00:00-04:00,115.61000061035156,117.29000091552734,115.4800033569336,117.16000366210938,108.34762573242188,4739600,0.0,0.0
2021-07-02 00:00:00-04:00,116.91999816894531,118.25,116.6500015258789,118.04000091552734,109.16143035888672,4787000,0.0,0.0
2021-07-06 00:00:00-04:00,118.0,119.06999969482422,117.76000213623047,118.81999969482422,109.88276672363281,5040400,0.0,0.0
2021-07-07 00:00:00-04:00,119.08000183105469,119.9800033569336,118.75,119.87000274658203,110.85377502441406,4068700,0.0,0.0
2021-07-08 00:00:00-04:00,118.86000061035156,119.43000030517578,117.95999908447266,119.26000213623047,110.28965759277344,3908900,0.0,0.0
2021-07-09 00:00:00-04:00,119.6500015258789,120.23999786376953,119.23999786376953,119.73999786376953,110.73355865478516,4353600,0.0,0.0
2021-07-12 00:00:00-04:00,118.80999755859375,119.69000244140625,118.44000244140625,118.80999755859375,109.87353515625,3905200,0.0,0.0
2021-07-13 00:00:00-04:00,118.56999969482422,119.26000213623047,118.11000061035156,118.6500015258789,109.72555541992188,3877100,0.0,0.0
2021-07-14 00:00:00-04:00,118.12000274658203,118.30000305175781,116.86000061035156,117.16999816894531,108.76937866210938,4660300,0.45,0.0
2021-07-15 00:00:00-04:00,116.69999694824219,117.16000366210938,116.2699966430664,116.66000366210938,108.29595947265625,5761200,0.0,0.0
2021-07-16 00:00:00-04:00,117.04000091552734,117.80999755859375,116.43000030517578,117.51000213623047,109.08501434326172,3977600,0.0,0.0
2021-07-19 00:00:00-04:00,116.9800033569336,119.33000183105469,116.93000030517578,118.79000091552734,110.27324676513672,6739700,0.0,0.0
2021-07-20 00:00:00-04:00,118.54000091552734,120.0,118.0999984741211,118.7300033569336,110.21755981445312,4678400,0.0,0.0
2021-07-21 00:00:00-04:00,119.22000122070312,119.29000091552734,117.2300033569336,118.9800033569336,110.44962310791016,4285300,0.0,0.0
2021-07-22 00:00:00-04:00,118.0,118.75,115.86000061035156,118.25,109.77197265625,6958000,0.0,0.0
2021-07-23 00:00:00-04:00,119.62999725341797,121.0999984741211,119.2699966430664,120.80000305175781,112.13912963867188,4736100,0.0,0.0
2021-07-26 00:00:00-04:00,120.23999786376953,120.48999786376953,118.37999725341797,119.5199966430664,110.9509048461914,4954800,0.0,0.0
2021-07-27 00:00:00-04:00,119.5999984741211,121.2300033569336,119.5999984741211,119.80999755859375,111.22010803222656,5630800,0.0,0.0
2021-07-28 00:00:00-04:00,119.80999755859375,121.06999969482422,119.27999877929688,120.5199966430664,111.87918853759766,3796100,0.0,0.0
2021-07-29 00:00:00-04:00,121.08000183105469,121.4000015258789,120.41999816894531,121.08999633789062,112.40833282470703,3925500,0.0,0.0
2021-07-30 00:00:00-04:00,121.0,121.41999816894531,120.4000015258789,120.9800033569336,112.30621337890625,4688800,0.0,0.0
2021-08-02 00:00:00-04:00,121.5,121.77999877929688,120.18000030517578,120.91999816894531,112.25052642822266,3646100,0.0,0.0
2021-08-03 00:00:00-04:00,121.37999725341797,122.55000305175781,121.06999969482422,122.12000274658203,113.36448669433594,3696200,0.0,0.0
2021-08-04 00:00:00-04:00,121.37999725341797,122.6500015258789,121.01000213623047,121.56999969482422,112.85391998291016,3513400,0.0,0.0
2021-08-05 00:00:00-04:00,122.36000061035156,122.36000061035156,120.83000183105469,122.20999908447266,113.44803619384766,3258100,0.0,0.0
2021-08-06 00:00:00-04:00,122.0,122.20999908447266,121.22000122070312,122.16999816894531,113.4109115600586,3550300,0.0,0.0
2021-08-09 00:00:00-04:00,122.38999938964844,123.26000213623047,122.02999877929688,123.16000366210938,114.32992553710938,4271200,0.0,0.0
2021-08-10 00:00:00-04:00,123.3499984741211,123.55999755859375,122.0999984741211,122.69999694824219,113.90291595458984,4356900,0.0,0.0
2021-08-11 00:00:00-04:00,122.83999633789062,123.4000015258789,121.3499984741211,121.45999908447266,112.75179290771484,3683100,0.0,0.0
2021-08-12 00:00:00-04:00,121.18000030517578,123.25,121.0,122.80999755859375,114.00502014160156,3023600,0.0,0.0
2021-08-13 00:00:00-04:00,122.72000122070312,123.2300033569336,122.33999633789062,123.05999755859375,114.23710632324219,3476600,0.0,0.0
2021-08-16 00:00:00-04:00,123.69000244140625,124.69999694824219,123.33000183105469,124.66000366210938,115.72239685058594,4601900,0.0,0.0
2021-08-17 00:00:00-04:00,124.63999938964844,126.37999725341797,124.37000274658203,125.69000244140625,116.67853546142578,4609700,0.0,0.0
2021-08-18 00:00:00-04:00,125.80999755859375,126.08000183105469,123.86000061035156,123.93000030517578,115.04472351074219,3585200,0.0,0.0
2021-08-19 00:00:00-04:00,123.72000122070312,126.38999938964844,123.58000183105469,125.72000122070312,116.7063980102539,4283800,0.0,0.0
2021-08-20 00:00:00-04:00,125.91000366210938,126.9800033569336,125.12000274658203,126.31999969482422,117.26338195800781,5485800,0.0,0.0
2021-08-23 00:00:00-04:00,126.66999816894531,127.30000305175781,125.79000091552734,125.83999633789062,116.81777954101562,3906700,0.0,0.0
2021-08-24 00:00:00-04:00,125.5999984741211,125.91000366210938,124.83999633789062,125.5,116.50215911865234,3945700,0.0,0.0
2021-08-25 00:00:00-04:00,125.83999633789062,125.91000366210938,124.16999816894531,124.73999786376953,115.79663848876953,4379000,0.0,0.0
2021-08-26 00:00:00-04:00,124.69000244140625,126.2699966430664,124.6500015258789,125.47000122070312,116.47430419921875,3991900,0.0,0.0
2021-08-27 00:00:00-04:00,125.68000030517578,126.26000213623047,124.30000305175781,124.58999633789062,115.65740966796875,4094300,0.0,0.0
2021-08-30 00:00:00-04:00,124.52999877929688,126.19000244140625,124.36000061035156,125.94000244140625,116.91062927246094,3151800,0.0,0.0
2021-08-31 00:00:00-04:00,126.4000015258789,127.20999908447266,125.91000366210938,126.37000274658203,117.30979919433594,6190300,0.0,0.0
2021-09-01 00:00:00-04:00,125.72000122070312,127.45999908447266,125.45999908447266,127.4000015258789,118.26593017578125,3484200,0.0,0.0
2021-09-02 00:00:00-04:00,127.5,128.85000610351562,127.33999633789062,128.49000549316406,119.27780151367188,3402700,0.0,0.0
2021-09-03 00:00:00-04:00,129.0,129.39999389648438,128.14999389648438,128.94000244140625,119.69551086425781,2463300,0.0,0.0
2021-09-07 00:00:00-04:00,128.1199951171875,128.49000549316406,127.05000305175781,128.38999938964844,119.18496704101562,2765500,0.0,0.0
2021-09-08 00:00:00-04:00,128.55999755859375,129.52000427246094,128.0,129.05999755859375,119.80691528320312,3121200,0.0,0.0
2021-09-09 00:00:00-04:00,129.14999389648438,129.14999389648438,127.33000183105469,127.9800033569336,118.80435943603516,4546900,0.0,0.0
2021-09-10 00:00:00-04:00,128.0,129.44000244140625,128.0,128.8000030517578,119.56556701660156,4127400,0.0,0.0
2021-09-13 00:00:00-04:00,129.6699981689453,129.6999969482422,124.80999755859375,126.62000274658203,117.54187774658203,5811000,0.0,0.0
2021-09-14 00:00:00-04:00,127.3499984741211,127.98999786376953,126.70999908447266,127.05000305175781,117.9410400390625,4197400,0.0,0.0
2021-09-15 00:00:00-04:00,126.87999725341797,128.17999267578125,126.27999877929688,127.48999786376953,118.34947967529297,4803200,0.0,0.0
2021-09-16 00:00:00-04:00,127.87000274658203,127.97000122070312,126.30000305175781,127.44000244140625,118.30308532714844,3317100,0.0,0.0
2021-09-17 00:00:00-04:00,126.77999877929688,127.80000305175781,126.45999908447266,126.79000091552734,117.69966888427734,10045200,0.0,0.0
2021-09-20 00:00:00-04:00,125.5999984741211,126.56999969482422,123.80999755859375,124.87000274658203,115.91732788085938,5262200,0.0,0.0
2021-09-21 00:00:00-04:00,125.56999969482422,126.77999877929688,125.0999984741211,125.12999725341797,116.15867614746094,4918600,0.0,0.0
2021-09-22 00:00:00-04:00,125.5,125.73999786376953,124.18000030517578,124.6500015258789,115.71310424804688,6553400,0.0,0.0
2021-09-23 00:00:00-04:00,125.41999816894531,125.9000015258789,124.80999755859375,125.30000305175781,116.3165054321289,4161500,0.0,0.0
2021-09-24 00:00:00-04:00,124.80999755859375,125.4800033569336,124.2699966430664,124.37000274658203,115.45317840576172,3045700,0.0,0.0
2021-09-27 00:00:00-04:00,123.33000183105469,123.5,120.44999694824219,120.58000183105469,111.93489837646484,6481200,0.0,0.0
2021-09-28 00:00:00-04:00,119.5999984741211,119.76000213623047,117.97000122070312,118.73999786376953,110.2268295288086,5855200,0.0,0.0
2021-09-29 00:00:00-04:00,118.91999816894531,120.05999755859375,118.7699966430664,119.45999908447266,110.89519500732422,4511300,0.0,0.0
2021-09-30 00:00:00-04:00,119.86000061035156,120.66999816894531,118.0999984741211,118.12999725341797,109.66056060791016,4786200,0.0,0.0
2021-10-01 00:00:00-04:00,118.19999694824219,118.43000030517578,115.0999984741211,117.20999908447266,108.8065185546875,8173200,0.0,0.0
2021-10-04 00:00:00-04:00,116.61000061035156,117.56999969482422,114.86000061035156,115.52999877929688,107.24696350097656,5903500,0.0,0.0
2021-10-05 00:00:00-04:00,116.11000061035156,116.94999694824219,115.52999877929688,115.87999725341797,107.5718765258789,4238400,0.0,0.0
2021-10-06 00:00:00-04:00,115.75,116.56999969482422,114.4000015258789,116.48999786376953,108.13813781738281,5498900,0.0,0.0
2021-10-07 00:00:00-04:00,117.55000305175781,118.70999908447266,117.44999694824219,117.91000366210938,109.45632934570312,4505800,0.0,0.0
2021-10-08 00:00:00-04:00,118.08999633789062,119.33000183105469,117.81999969482422,118.38999938964844,109.90190887451172,7193200,0.0,0.0
2021-10-11 00:00:00-04:00,118.1500015258789,118.94000244140625,116.8499984741211,116.87999725341797,108.50018310546875,3873200,0.0,0.0
2021-10-12 00:00:00-04:00,117.9000015258789,118.30999755859375,116.41000366210938,117.31999969482422,108.90863037109375,4599200,0.0,0.0
2021-10-13 00:00:00-04:00,117.5,118.2300033569336,116.44000244140625,117.0,108.611572265625,3935100,0.0,0.0
2021-10-14 00:00:00-04:00,116.66000366210938,117.68000030517578,116.63999938964844,117.56999969482422,109.56209564208984,4977400,0.45,0.0
2021-10-15 00:00:00-04:00,118.08000183105469,118.33000183105469,117.12999725341797,117.48999786376953,109.48753356933594,6012400,0.0,0.0
2021-10-18 00:00:00-04:00,117.29000091552734,117.48999786376953,116.30000305175781,116.81999969482422,108.86320495605469,5275800,0.0,0.0
2021-10-19 00:00:00-04:00,117.05999755859375,120.18000030517578,117.05999755859375,119.33999633789062,111.21155548095703,5880000,0.0,0.0
2021-10-20 00:00:00-04:00,123.52999877929688,124.80000305175781,122.19000244140625,123.30999755859375,114.91114807128906,8401900,0.0,0.0
2021-10-21 00:00:00-04:00,123.51000213623047,125.5999984741211,123.08999633789062,125.05000305175781,116.53262329101562,4984000,0.0,0.0
2021-10-22 00:00:00-04:00,125.51000213623047,126.83999633789062,124.87999725341797,126.72000122070312,118.0888900756836,5742300,0.0,0.0
2021-10-25 00:00:00-04:00,126.48999786376953,126.8499984741211,125.4000015258789,126.58000183105469,117.95841979980469,4426900,0.0,0.0
2021-10-26 00:00:00-04:00,127.0,128.77999877929688,126.79000091552734,128.1300048828125,119.40284729003906,3994000,0.0,0.0
2021-10-27 00:00:00-04:00,129.0,129.39999389648438,127.37000274658203,127.70999908447266,119.0114517211914,4128600,0.0,0.0
2021-10-28 00:00:00-04:00,128.02999877929688,128.94000244140625,127.04000091552734,127.70999908447266,119.0114517211914,3645300,0.0,0.0
2021-10-29 00:00:00-04:00,127.26000213623047,129.00999450683594,126.83000183105469,128.88999938964844,120.11107635498047,4692200,0.0,0.0
2021-11-01 00:00:00-04:00,128.63999938964844,129.52999877929688,128.2899932861328,128.94000244140625,120.15766906738281,3494700,0.0,0.0
2021-11-02 00:00:00-04:00,129.3300018310547,129.52999877929688,127.29000091552734,127.70999908447266,119.0114517211914,8069600,0.0,0.0
2021-11-03 00:00:00-04:00,127.37999725341797,128.74000549316406,126.97000122070312,128.6999969482422,119.93402099609375,5110600,0.0,0.0
2021-11-04 00:00:00-04:00,128.9499969482422,129.49000549316406,128.19000244140625,129.08999633789062,120.29742431640625,4675900,0.0,0.0
2021-11-05 00:00:00-04:00,127.08000183105469,127.31999969482422,123.93000030517578,124.37000274658203,115.89894104003906,7989800,0.0,0.0
2021-11-08 00:00:00-05:00,124.0,127.2300033569336,123.80999755859375,126.80000305175781,118.16344451904297,4930000,0.0,0.0
2021-11-09 00:00:00-05:00,126.69999694824219,127.5,126.25,126.43000030517578,117.81861877441406,5130300,0.0,0.0
2021-11-10 00:00:00-05:00,126.19000244140625,128.11000061035156,126.05000305175781,127.81999969482422,119.11396789550781,5358900,0.0,0.0
2021-11-11 00:00:00-05:00,127.97000122070312,128.9600067138672,127.23999786376953,127.25,118.58279418945312,5054800,0.0,0.0
2021-11-12 00:00:00-05:00,127.94000244140625,128.85000610351562,127.12000274658203,128.4499969482422,119.7010498046875,6462200,0.0,0.0
2021-11-15 00:00:00-05:00,128.77000427246094,130.1999969482422,128.25999450683594,129.44000244140625,120.62361145019531,4565800,0.0,0.0
2021-11-16 00:00:00-05:00,129.63999938964844,131.60000610351562,129.63999938964844,130.88999938964844,121.9748764038086,4141300,0.0,0.0
2021-11-17 00:00:00-05:00,130.61000061035156,130.6999969482422,128.5399932861328,128.6199951171875,119.85948181152344,4759900,0.0,0.0
2021-11-18 00:00:00-05:00,129.30999755859375,129.42999267578125,127.47000122070312,127.63999938964844,118.94621276855469,4466100,0.0,0.0
2021-11-19 00:00:00-05:00,128.41000366210938,128.52999877929688,126.45999908447266,126.83999633789062,118.20069885253906,6867700,0.0,0.0
2021-11-22 00:00:00-05:00,126.77999877929688,126.80000305175781,124.68000030517578,125.26000213623047,116.72833251953125,4205400,0.0,0.0
2021-11-23 00:00:00-05:00,124.51000213623047,124.88999938964844,123.22000122070312,124.4800033569336,116.00144958496094,4873700,0.0,0.0
2021-11-24 00:00:00-05:00,124.06999969482422,125.27999877929688,124.0,125.06999969482422,116.55126190185547,3729500,0.0,0.0
2021-11-26 00:00:00-05:00,127.80999755859375,129.75,125.44000244140625,125.87999725341797,117.30609893798828,4671400,0.0,0.0
2021-11-29 00:00:00-05:00,126.3499984741211,128.94000244140625,125.36000061035156,128.02999877929688,119.30966186523438,5648200,0.0,0.0
2021-11-30 00:00:00-05:00,128.1999969482422,128.7899932861328,125.33999633789062,125.7699966430664,117.20358276367188,7269900,0.0,0.0
2021-12-01 00:00:00-05:00,126.4800033569336,128.47999572753906,125.12000274658203,126.73999786376953,118.1075210571289,4816700,0.0,0.0
2021-12-02 00:00:00-05:00,126.29000091552734,129.85000610351562,126.29000091552734,128.3800048828125,119.63582611083984,5090800,0.0,0.0
2021-12-03 00:00:00-05:00,128.8800048828125,130.4600067138672,128.02999877929688,130.27000427246094,121.39707946777344,5254500,0.0,0.0
2021-12-06 00:00:00-05:00,130.75999450683594,133.27999877929688,130.61000061035156,132.47000122070312,123.4472427368164,6601600,0.0,0.0
2021-12-07 00:00:00-05:00,134.0,134.0800018310547,131.8000030517578,132.4199981689453,123.40064239501953,5143600,0.0,0.0
2021-12-08 00:00:00-05:00,132.8000030517578,133.4499969482422,131.1199951171875,132.3699951171875,123.35404968261719,5389400,0.0,0.0
2021-12-09 00:00:00-05:00,132.5,133.11000061035156,131.47999572753906,132.52999877929688,123.50314331054688,2663300,0.0,0.0
2021-12-10 00:00:00-05:00,133.4199981689453,134.5,132.8699951171875,134.3699951171875,125.21781921386719,4371800,0.0,0.0
2021-12-13 00:00:00-05:00,134.5,137.0,134.5,135.9600067138672,126.69955444335938,5094800,0.0,0.0
2021-12-14 00:00:00-05:00,135.92999267578125,136.0,132.0,132.94000244140625,123.88523864746094,8193300,0.0,0.0
2021-12-15 00:00:00-05:00,133.5399932861328,135.6699981689453,132.89999389648438,135.55999755859375,126.32678985595703,6422300,0.0,0.0
2021-12-16 00:00:00-05:00,135.44000244140625,136.61000061035156,134.60000610351562,136.08999633789062,126.82066345214844,6984100,0.0,0.0
2021-12-17 00:00:00-05:00,137.5399932861328,139.27000427246094,136.88999938964844,137.11000061035156,127.77118682861328,12146000,0.0,0.0
2021-12-20 00:00:00-05:00,136.1999969482422,137.80999755859375,134.22000122070312,134.97999572753906,125.78630828857422,6501200,0.0,0.0
2021-12-21 00:00:00-05:00,136.02000427246094,137.17999267578125,133.39999389648438,135.27000427246094,126.05652618408203,7153800,0.0,0.0
2021-12-22 00:00:00-05:00,135.8800048828125,139.02000427246094,135.7899932861328,138.99000549316406,129.5231475830078,6768900,0.0,0.0
2021-12-23 00:00:00-05:00,139.64999389648438,140.22999572753906,138.72000122070312,139.16000366210938,129.68154907226562,3491800,0.0,0.0
2021-12-27 00:00:00-05:00,139.82000732421875,142.60000610351562,139.42999267578125,141.4600067138672,131.8249053955078,3801700,0.0,0.0
2021-12-28 00:00:00-05:00,141.5800018310547,141.7100067138672,140.1300048828125,140.47000122070312,130.90232849121094,3296000,0.0,0.0
2021-12-29 00:00:00-05:00,140.47000122070312,141.66000366210938,139.3300018310547,141.19000244140625,131.57330322265625,2848900,0.0,0.0
2021-12-30 00:00:00-05:00,141.41000366210938,141.75,140.58999633789062,141.0,131.396240234375,2809100,0.0,0.0
2021-12-31 00:00:00-05:00,141.0,141.77000427246094,140.72000122070312,140.74000549316406,131.1539764404297,3271800,0.0,0.0
2022-01-03 00:00:00-05:00,139.42999267578125,139.8300018310547,137.2100067138672,139.0399932861328,129.5697021484375,6688100,0.0,0.0
2022-01-04 00:00:00-05:00,139.5,139.64999389648438,134.75999450683594,135.77000427246094,126.52249908447266,8241200,0.0,0.0
2022-01-05 00:00:00-05:00,135.14999389648438,137.02999877929688,135.07000732421875,135.16000366210938,125.95399475097656,5948200,0.0,0.0
2022-01-06 00:00:00-05:00,135.0,136.2100067138672,133.8800048828125,135.13999938964844,125.93538665771484,5710200,0.0,0.0
2022-01-07 00:00:00-05:00,134.8800048828125,136.17999267578125,134.3800048828125,135.55999755859375,126.32678985595703,4367500,0.0,0.0
2022-01-10 00:00:00-05:00,134.7899932861328,135.5,133.9199981689453,135.25999450683594,126.04717254638672,5975600,0.0,0.0
2022-01-11 00:00:00-05:00,135.22999572753906,135.97000122070312,134.0399932861328,135.6999969482422,126.45724487304688,5709400,0.0,0.0
2022-01-12 00:00:00-05:00,134.88999938964844,135.6999969482422,132.52999877929688,133.72000122070312,124.6120834350586,8416000,0.0,0.0
2022-01-13 00:00:00-05:00,132.38999938964844,132.8300018310547,129.42999267578125,129.64999389648438,121.2454605102539,7174500,0.47,0.0
2022-01-14 00:00:00-05:00,130.49000549316406,130.58999633789062,127.0199966430664,128.16000366210938,119.85206604003906,9256900,0.0,0.0
2022-01-18 00:00:00-05:00,127.4000015258789,127.93000030517578,125.55000305175781,126.56999969482422,118.36512756347656,5850100,0.0,0.0
2022-01-19 00:00:00-05:00,126.75,127.58000183105469,125.83000183105469,126.05000305175781,117.87885284423828,3996400,0.0,0.0
2022-01-20 00:00:00-05:00,126.23999786376953,127.91000366210938,124.61000061035156,124.70999908447266,116.6257095336914,8652600,0.0,0.0
2022-01-21 00:00:00-05:00,126.80999755859375,127.08999633789062,124.86000061035156,125.83000183105469,117.67310333251953,10132700,0.0,0.0
2022-01-24 00:00:00-05:00,124.01000213623047,124.5,120.68000030517578,123.81999969482422,115.79338836669922,10864500,0.0,0.0
2022-01-25 00:00:00-05:00,123.08000183105469,124.62000274658203,121.58999633789062,123.2699966430664,115.27904510498047,9126600,0.0,0.0
2022-01-26 00:00:00-05:00,119.19000244140625,121.68000030517578,119.0,120.06999969482422,112.2864990234375,14753100,0.0,0.0
2022-01-27 00:00:00-05:00,120.9800033569336,123.16999816894531,119.73999786376953,120.44000244140625,112.63249206542969,9179500,0.0,0.0
2022-01-28 00:00:00-05:00,120.7699966430664,125.52999877929688,119.61000061035156,125.3499984741211,117.22421264648438,8286500,0.0,0.0
2022-01-31 00:00:00-05:00,125.5199966430664,127.95999908447266,125.12999725341797,127.45999908447266,119.19743347167969,7210000,0.0,0.0
2022-02-01 00:00:00-05:00,127.37000274658203,127.66000366210938,126.23999786376953,127.19999694824219,118.95429229736328,5602000,0.0,0.0
2022-02-02 00:00:00-05:00,128.25,130.74000549316406,127.86000061035156,130.0399932861328,121.61017608642578,7450500,0.0,0.0
2022-02-03 00:00:00-05:00,128.6300048828125,130.94000244140625,128.25999450683594,130.11000061035156,121.67566680908203,5613300,0.0,0.0
2022-02-04 00:00:00-05:00,129.55999755859375,130.52000427246094,128.60000610351562,129.7100067138672,121.30156707763672,4149700,0.0,0.0
2022-02-07 00:00:00-05:00,129.8699951171875,129.9499969482422,127.68000030517578,128.0500030517578,119.74918365478516,4035200,0.0,0.0
2022-02-08 00:00:00-05:00,127.52999877929688,128.94000244140625,127.16000366210938,128.64999389648438,120.31028747558594,3890900,0.0,0.0
2022-02-09 00:00:00-05:00,129.52000427246094,130.7899932861328,129.4199981689453,130.49000549316406,122.0310287475586,3434200,0.0,0.0
2022-02-10 00:00:00-05:00,128.57000732421875,129.9199981689453,127.16999816894531,127.76000213623047,119.47798919677734,5917700,0.0,0.0
2022-02-11 00:00:00-05:00,127.77999877929688,128.9199981689453,125.1500015258789,125.48999786376953,117.35514831542969,4803200,0.0,0.0
2022-02-14 00:00:00-05:00,125.0,125.56999969482422,121.9800033569336,122.77999877929688,114.82083129882812,7433900,0.0,0.0
2022-02-15 00:00:00-05:00,124.19000244140625,125.41999816894531,123.41000366210938,123.9800033569336,115.94303894042969,5298000,0.0,0.0
2022-02-16 00:00:00-05:00,123.44999694824219,124.11000061035156,121.55999755859375,123.68000030517578,115.66246795654297,5078100,0.0,0.0
2022-02-17 00:00:00-05:00,122.98999786376953,123.18000030517578,120.47000122070312,120.58000183105469,112.76343536376953,3688300,0.0,0.0
2022-02-18 00:00:00-05:00,120.0,120.30999755859375,114.83999633789062,116.79000091552734,109.21912384033203,12376100,0.0,0.0
2022-02-22 00:00:00-05:00,116.54000091552734,119.33000183105469,116.0999984741211,117.51000213623047,109.89244842529297,8372800,0.0,0.0
2022-02-23 00:00:00-05:00,118.0,118.83999633789062,116.98999786376953,117.25,109.64930725097656,5184200,0.0,0.0
2022-02-24 00:00:00-05:00,115.0,118.91999816894531,114.43000030517578,118.72000122070312,111.0240249633789,6252600,0.0,0.0
2022-02-25 00:00:00-05:00,118.72000122070312,122.93000030517578,118.5,122.41000366210938,114.47479248046875,5837700,0.0,0.0
2022-02-28 00:00:00-05:00,121.05000305175781,121.05999755859375,119.1500015258789,120.62000274658203,112.80084991455078,6828400,0.0,0.0
2022-03-01 00:00:00-05:00,120.30999755859375,121.16000366210938,117.37999725341797,118.16999816894531,110.5096664428711,6697700,0.0,0.0
2022-03-02 00:00:00-05:00,118.62000274658203,121.05000305175781,118.26000213623047,120.36000061035156,112.55767822265625,6419800,0.0,0.0
2022-03-03 00:00:00-05:00,120.80000305175781,122.06999969482422,120.48999786376953,120.97000122070312,113.128173828125,5223100,0.0,0.0
2022-03-04 00:00:00-05:00,119.93000030517578,121.76000213623047,119.01000213623047,121.41000366210938,113.53964233398438,5911400,0.0,0.0
2022-03-07 00:00:00-05:00,120.54000091552734,120.88999938964844,117.26000213623047,118.86000061035156,111.15492248535156,6632000,0.0,0.0
2022-03-08 00:00:00-05:00,117.91000366210938,119.0199966430664,115.70999908447266,116.11000061035156,108.58319854736328,6694000,0.0,0.0
2022-03-09 00:00:00-05:00,117.9000015258789,119.19999694824219,116.44000244140625,118.38999938964844,110.71538543701172,5004700,0.0,0.0
2022-03-10 00:00:00-05:00,117.18000030517578,117.80999755859375,115.7300033569336,117.0,109.41549682617188,4377600,0.0,0.0
2022-03-11 00:00:00-05:00,117.44000244140625,118.05999755859375,113.87999725341797,114.0199966430664,106.6286849975586,8012400,0.0,0.0
2022-03-14 00:00:00-04:00,114.9000015258789,117.20999908447266,114.58000183105469,115.5199966430664,108.03144836425781,5527500,0.0,0.0
2022-03-15 00:00:00-04:00,117.5,117.79000091552734,116.22000122070312,117.4800033569336,109.86439514160156,5041200,0.0,0.0
2022-03-16 00:00:00-04:00,118.20999908447266,119.54000091552734,116.95999908447266,119.4800033569336,111.73474884033203,4441800,0.0,0.0
2022-03-17 00:00:00-04:00,119.0,121.23999786376953,118.7300033569336,121.19999694824219,113.34324645996094,3998900,0.0,0.0
2022-03-18 00:00:00-04:00,121.73999786376953,122.66999816894531,120.68000030517578,122.44999694824219,114.51219177246094,7823800,0.0,0.0
2022-03-21 00:00:00-04:00,121.93000030517578,123.0999984741211,121.16000366210938,121.76000213623047,113.866943359375,4135100,0.0,0.0
2022-03-22 00:00:00-04:00,121.88999938964844,122.52999877929688,121.26000213623047,121.88999938964844,113.98851013183594,4479600,0.0,0.0
2022-03-23 00:00:00-04:00,121.11000061035156,121.23999786376953,116.73999786376953,116.91999816894531,109.34069061279297,5656000,0.0,0.0
2022-03-24 00:00:00-04:00,117.37999725341797,117.87999725341797,116.61000061035156,117.81999969482422,110.1823501586914,4505800,0.0,0.0
2022-03-25 00:00:00-04:00,118.6500015258789,119.30999755859375,117.73999786376953,118.94999694824219,111.23909759521484,2896300,0.0,0.0
2022-03-28 00:00:00-04:00,119.37999725341797,120.0,118.70999908447266,119.98999786376953,112.21167755126953,5350900,0.0,0.0
2022-03-29 00:00:00-04:00,121.83000183105469,122.06999969482422,119.30999755859375,120.19000244140625,112.39871978759766,5126100,0.0,0.0
2022-03-30 00:00:00-04:00,119.87000274658203,120.73999786376953,119.47000122070312,120.37999725341797,112.57638549804688,4064800,0.0,0.0
2022-03-31 00:00:00-04:00,120.20999908447266,120.48999786376953,118.0999984741211,118.36000061035156,110.68733978271484,5432600,0.0,0.0
2022-04-01 00:00:00-04:00,118.83999633789062,118.97000122070312,117.26000213623047,118.58000183105469,110.89307403564453,4314000,0.0,0.0
2022-04-04 00:00:00-04:00,117.87000274658203,118.9800033569336,117.56999969482422,118.87999725341797,111.17363739013672,4037200,0.0,0.0
2022-04-05 00:00:00-04:00,118.26000213623047,121.19000244140625,118.13999938964844,119.4800033569336,111.73474884033203,6113400,0.0,0.0
2022-04-06 00:00:00-04:00,119.0,120.19000244140625,117.76000213623047,119.94000244140625,112.16493225097656,5485100,0.0,0.0
2022-04-07 00:00:00-04:00,119.5999984741211,124.20999908447266,119.29000091552734,123.37000274658203,115.37257385253906,5863500,0.0,0.0
2022-04-08 00:00:00-04:00,123.41999816894531,124.36000061035156,122.11000061035156,123.25,115.2603530883789,5093900,0.0,0.0
2022-04-11 00:00:00-04:00,123.4800033569336,123.5,119.77999877929688,120.04000091552734,112.25843811035156,4071100,0.0,0.0
2022-04-12 00:00:00-04:00,119.79000091552734,120.61000061035156,117.72000122070312,118.38999938964844,110.71538543701172,4432300,0.0,0.0
2022-04-13 00:00:00-04:00,117.55999755859375,119.80999755859375,117.25,119.4800033569336,112.18009185791016,4407900,0.47,0.0
2022-04-14 00:00:00-04:00,120.05000305175781,120.25,117.55999755859375,117.69000244140625,110.49945068359375,3140000,0.0,0.0
2022-04-18 00:00:00-04:00,117.0199966430664,118.33000183105469,115.54000091552734,116.29000091552734,109.18498229980469,4115900,0.0,0.0
2022-04-19 00:00:00-04:00,116.68000030517578,120.2300033569336,116.6500015258789,119.9800033569336,112.64954376220703,5120900,0.0,0.0
2022-04-20 00:00:00-04:00,119.4800033569336,124.05000305175781,117.5,122.63999938964844,115.14701843261719,8334200,0.0,0.0
2022-04-21 00:00:00-04:00,123.18000030517578,124.3499984741211,122.6500015258789,123.37000274658203,115.83241271972656,7321100,0.0,0.0
2022-04-22 00:00:00-04:00,123.0199966430664,123.18000030517578,119.55999755859375,119.63999938964844,112.33031463623047,6710100,0.0,0.0
2022-04-25 00:00:00-04:00,119.16000366210938,120.30999755859375,117.83999633789062,120.01000213623047,112.67769622802734,4503500,0.0,0.0
2022-04-26 00:00:00-04:00,118.61000061035156,119.63999938964844,116.97000122070312,116.97000122070312,109.82344055175781,3366300,0.0,0.0
2022-04-27 00:00:00-04:00,117.29000091552734,118.58000183105469,116.12999725341797,116.72000122070312,109.58871459960938,4178700,0.0,0.0
2022-04-28 00:00:00-04:00,117.55000305175781,118.73999786376953,116.83000183105469,118.01000213623047,110.7999038696289,4960000,0.0,0.0
2022-04-29 00:00:00-04:00,117.05999755859375,117.7699966430664,113.12999725341797,113.5,106.56543731689453,6815900,0.0,0.0
2022-05-02 00:00:00-04:00,113.5,114.0199966430664,110.27999877929688,112.83000183105469,105.93639373779297,4905000,0.0,0.0
2022-05-03 00:00:00-04:00,113.05000305175781,114.33999633789062,111.81999969482422,112.43000030517578,105.56082916259766,4491500,0.0,0.0
2022-05-04 00:00:00-04:00,112.5,116.33000183105469,111.12999725341797,115.69999694824219,108.63102722167969,5347400,0.0,0.0
2022-05-05 00:00:00-04:00,114.86000061035156,115.0,111.68000030517578,113.01000213623047,106.10536193847656,5703300,0.0,0.0
2022-05-06 00:00:00-04:00,112.55000305175781,113.66999816894531,110.97000122070312,112.2699966430664,105.41059875488281,4966800,0.0,0.0
2022-05-09 00:00:00-04:00,110.69000244140625,111.19999694824219,106.94000244140625,107.38999938964844,100.82875061035156,6478200,0.0,0.0
2022-05-10 00:00:00-04:00,108.91000366210938,109.62999725341797,106.20999908447266,106.75,100.22784423828125,6248300,0.0,0.0
2022-05-11 00:00:00-04:00,106.66000366210938,108.0199966430664,105.66000366210938,105.83999633789062,99.37344360351562,6636100,0.0,0.0
2022-05-12 00:00:00-04:00,105.5,108.0199966430664,104.62999725341797,107.97000122070312,101.3733139038086,8516100,0.0,0.0
2022-05-13 00:00:00-04:00,108.36000061035156,110.51000213623047,108.36000061035156,109.87999725341797,103.1666030883789,6159300,0.0,0.0
2022-05-16 00:00:00-04:00,109.4000015258789,110.5199966430664,107.80999755859375,109.70999908447266,103.00699615478516,7459000,0.0,0.0
2022-05-17 00:00:00-04:00,111.58999633789062,115.43000030517578,111.58999633789062,114.54000091552734,107.54190063476562,9172000,0.0,0.0
2022-05-18 00:00:00-04:00,113.41999816894531,114.69999694824219,112.2300033569336,112.73999786376953,105.85186767578125,6933900,0.0,0.0
2022-05-19 00:00:00-04:00,112.02999877929688,113.01000213623047,110.5199966430664,112.44000244140625,105.57022094726562,6304800,0.0,0.0
2022-05-20 00:00:00-04:00,113.4000015258789,113.72000122070312,110.81999969482422,113.23999786376953,106.32132720947266,4509600,0.0,0.0
2022-05-23 00:00:00-04:00,113.8499984741211,115.36000061035156,112.94000244140625,115.02999877929688,108.00196075439453,4357000,0.0,0.0
2022-05-24 00:00:00-04:00,115.16000366210938,115.16000366210938,111.83000183105469,113.7699966430664,106.81896209716797,5272600,0.0,0.0
2022-05-25 00:00:00-04:00,113.19999694824219,114.94000244140625,112.3499984741211,113.19000244140625,106.27437591552734,3921700,0.0,0.0
2022-05-26 00:00:00-04:00,113.77999877929688,115.51000213623047,113.20999908447266,114.87000274658203,107.85174560546875,4027800,0.0,0.0
2022-05-27 00:00:00-04:00,116.08000183105469,116.91999816894531,115.4800033569336,116.69000244140625,109.560546875,3884800,0.0,0.0
2022-05-31 00:00:00-04:00,115.55999755859375,118.08999633789062,114.4000015258789,117.45999908447266,110.28350067138672,10563500,0.0,0.0
2022-06-01 00:00:00-04:00,117.8499984741211,118.0,114.52999877929688,115.08000183105469,108.04891967773438,4890200,0.0,0.0
2022-06-02 00:00:00-04:00,115.29000091552734,117.61000061035156,113.2300033569336,117.51000213623047,110.33045196533203,3856600,0.0,0.0
2022-06-03 00:00:00-04:00,116.77999877929688,117.55000305175781,116.33000183105469,116.56999969482422,109.4478759765625,3778200,0.0,0.0
2022-06-06 00:00:00-04:00,117.37999725341797,118.2300033569336,116.04000091552734,116.41999816894531,109.30704498291016,4205600,0.0,0.0
2022-06-07 00:00:00-04:00,116.0999984741211,117.2300033569336,115.22000122070312,116.87999725341797,109.73892211914062,3285600,0.0,0.0
2022-06-08 00:00:00-04:00,115.73999786376953,116.1500015258789,114.33999633789062,114.69000244140625,107.68273162841797,3683400,0.0,0.0
2022-06-09 00:00:00-04:00,114.63999938964844,115.44000244140625,112.68000030517578,112.70999908447266,105.82372283935547,3424700,0.0,0.0
2022-06-10 00:00:00-04:00,110.80999755859375,111.4800033569336,109.0999984741211,109.62999725341797,102.931884765625,4805600,0.0,0.0
2022-06-13 00:00:00-04:00,107.68000030517578,108.0999984741211,105.33999633789062,105.91000366210938,99.4391860961914,5215300,0.0,0.0
2022-06-14 00:00:00-04:00,105.0999984741211,105.4000015258789,101.94999694824219,102.94000244140625,96.65064239501953,5890100,0.0,0.0
2022-06-15 00:00:00-04:00,104.31999969482422,106.08000183105469,102.66000366210938,104.80000305175781,98.39698028564453,5278100,0.0,0.0
2022-06-16 00:00:00-04:00,102.4000015258789,102.75,101.23999786376953,102.06999969482422,95.83378601074219,4793600,0.0,0.0
2022-06-17 00:00:00-04:00,101.23999786376953,103.69000244140625,101.23999786376953,102.52999877929688,96.26568603515625,10249200,0.0,0.0
2022-06-21 00:00:00-04:00,104.86000061035156,104.94999694824219,103.33000183105469,104.41000366210938,98.03082275390625,5338300,0.0,0.0
2022-06-22 00:00:00-04:00,103.55000305175781,106.58000183105469,103.29000091552734,105.44000244140625,98.99790954589844,5511600,0.0,0.0
2022-06-23 00:00:00-04:00,105.94999694824219,106.77999877929688,105.06999969482422,106.20999908447266,99.72084045410156,5064800,0.0,0.0
2022-06-24 00:00:00-04:00,107.0,109.63999938964844,106.43000030517578,109.44999694824219,102.76289367675781,14301600,0.0,0.0
2022-06-27 00:00:00-04:00,109.9000015258789,110.0999984741211,108.30000305175781,109.08000183105469,102.4155044555664,3804100,0.0,0.0
2022-06-28 00:00:00-04:00,109.25,109.93000030517578,106.9000015258789,106.97000122070312,100.4344253540039,4185500,0.0,0.0
2022-06-29 00:00:00-04:00,107.45999908447266,109.66999816894531,106.73999786376953,109.0999984741211,102.43426513671875,4552100,0.0,0.0
2022-06-30 00:00:00-04:00,108.08000183105469,109.08000183105469,107.36000061035156,108.6500015258789,102.01176452636719,6070900,0.0,0.0
2022-07-01 00:00:00-04:00,108.20999908447266,110.47000122070312,107.6500015258789,110.22000122070312,103.48585510253906,3291700,0.0,0.0
2022-07-05 00:00:00-04:00,108.73999786376953,109.48999786376953,107.19999694824219,109.30000305175781,102.6220474243164,4752300,0.0,0.0
2022-07-06 00:00:00-04:00,108.83000183105469,109.5,108.12999725341797,108.69000244140625,102.04932403564453,3975300,0.0,0.0
2022-07-07 00:00:00-04:00,108.4800033569336,109.62000274658203,108.19999694824219,109.48999786376953,102.80045318603516,4149000,0.0,0.0
2022-07-08 00:00:00-04:00,108.7300033569336,109.91999816894531,108.55000305175781,109.26000213623047,102.58450317382812,3115500,0.0,0.0
2022-07-11 00:00:00-04:00,108.5999984741211,109.4000015258789,108.08000183105469,108.88999938964844,102.23710632324219,4041100,0.0,0.0
2022-07-12 00:00:00-04:00,108.5,110.37000274658203,107.69999694824219,108.30000305175781,101.68315124511719,5756300,0.0,0.0
2022-07-13 00:00:00-04:00,106.83999633789062,106.97000122070312,105.68000030517578,106.20999908447266,99.72084045410156,5087700,0.0,0.0
2022-07-14 00:00:00-04:00,104.62999725341797,105.91999816894531,103.76000213623047,105.70999908447266,99.69255828857422,4993600,0.47,0.0
2022-07-15 00:00:00-04:00,107.41000366210938,108.9800033569336,107.26000213623047,108.81999969482422,102.6255111694336,4617900,0.0,0.0
2022-07-18 00:00:00-04:00,108.55999755859375,108.95999908447266,106.69999694824219,107.0199966430664,100.92798614501953,4499900,0.0,0.0
2022-07-19 00:00:00-04:00,108.43000030517578,110.0,107.95999908447266,109.93000030517578,103.67232513427734,5788400,0.0,0.0
2022-07-20 00:00:00-04:00,106.98999786376953,108.81999969482422,106.87999725341797,108.2300033569336,102.06910705566406,7300200,0.0,0.0
2022-07-21 00:00:00-04:00,108.62000274658203,110.72000122070312,108.41000366210938,110.69000244140625,104.3890609741211,5698000,0.0,0.0
2022-07-22 00:00:00-04:00,112.0,112.0,108.33000183105469,109.19999694824219,102.98387908935547,4733900,0.0,0.0
2022-07-25 00:00:00-04:00,109.08999633789062,109.33000183105469,107.47000122070312,108.5,102.32373046875,3905600,0.0,0.0
2022-07-26 00:00:00-04:00,108.70999908447266,109.87999725341797,108.30000305175781,109.08999633789062,102.88015747070312,4824000,0.0,0.0
2022-07-27 00:00:00-04:00,109.37999725341797,110.63999938964844,108.62000274658203,109.98999786376953,103.72891235351562,3303500,0.0,0.0
2022-07-28 00:00:00-04:00,110.0999984741211,111.3499984741211,108.54000091552734,110.36000061035156,104.07785034179688,4736100,0.0,0.0
2022-07-29 00:00:00-04:00,109.83000183105469,109.87000274658203,108.55999755859375,108.83999633789062,102.64437866210938,4922900,0.0,0.0
2022-08-01 00:00:00-04:00,108.37999725341797,109.9000015258789,108.11000061035156,109.5199966430664,103.2856674194336,3871900,0.0,0.0
2022-08-02 00:00:00-04:00,109.62000274658203,110.9000015258789,108.54000091552734,108.63999938964844,102.45576477050781,3093800,0.0,0.0
2022-08-03 00:00:00-04:00,109.11000061035156,109.97000122070312,108.2699966430664,109.61000061035156,103.37054443359375,3866200,0.0,0.0
2022-08-04 00:00:00-04:00,110.41000366210938,110.62000274658203,109.58000183105469,109.72000122070312,103.47428131103516,2794000,0.0,0.0
2022-08-05 00:00:00-04:00,108.75,109.31999969482422,108.38999938964844,109.25,103.0310287475586,2789600,0.0,0.0
2022-08-08 00:00:00-04:00,109.79000091552734,109.9800033569336,108.58999633789062,109.0,102.79527282714844,2283800,0.0,0.0
2022-08-09 00:00:00-04:00,108.08999633789062,108.80000305175781,107.55000305175781,107.91000366210938,101.76732635498047,3943500,0.0,0.0
2022-08-10 00:00:00-04:00,109.76000213623047,110.37999725341797,109.19999694824219,110.2699966430664,103.99298095703125,3960900,0.0,0.0
2022-08-11 00:00:00-04:00,110.83999633789062,112.12999725341797,110.38999938964844,110.48999786376953,104.20045471191406,3281400,0.0,0.0
2022-08-12 00:00:00-04:00,110.86000061035156,111.52999877929688,110.44000244140625,111.4800033569336,105.13410186767578,2813300,0.0,0.0
2022-08-15 00:00:00-04:00,111.30999755859375,112.30999755859375,111.0199966430664,111.9000015258789,105.53019714355469,2949500,0.0,0.0
2022-08-16 00:00:00-04:00,111.45999908447266,112.52999877929688,111.43000030517578,112.02999877929688,105.65280151367188,2897400,0.0,0.0
2022-08-17 00:00:00-04:00,111.62999725341797,112.12999725341797,110.37000274658203,110.55000305175781,104.2570571899414,3053500,0.0,0.0
2022-08-18 00:00:00-04:00,110.93000030517578,110.93000030517578,108.79000091552734,109.95999908447266,103.70062255859375,4143600,0.0,0.0
2022-08-19 00:00:00-04:00,110.4800033569336,110.80000305175781,109.4000015258789,110.05999755859375,103.79493713378906,5092700,0.0,0.0
2022-08-22 00:00:00-04:00,108.97000122070312,109.30999755859375,106.88999938964844,107.44999694824219,101.33349609375,3496800,0.0,0.0
2022-08-23 00:00:00-04:00,106.81999969482422,106.87000274658203,105.5199966430664,106.01000213623047,99.9754867553711,4203000,0.0,0.0
2022-08-24 00:00:00-04:00,105.9000015258789,106.16999816894531,105.12000274658203,105.44000244140625,99.43791961669922,4278200,0.0,0.0
2022-08-25 00:00:00-04:00,105.23999786376953,105.95999908447266,104.55000305175781,105.88999938964844,99.86229705810547,5249200,0.0,0.0
2022-08-26 00:00:00-04:00,105.94000244140625,106.30000305175781,101.62999725341797,101.9000015258789,96.09943389892578,5440700,0.0,0.0
2022-08-29 00:00:00-04:00,101.5,102.61000061035156,101.20999908447266,101.83999633789062,96.04283142089844,4229900,0.0,0.0
2022-08-30 00:00:00-04:00,102.43000030517578,102.72000122070312,101.83999633789062,102.19999694824219,96.38235473632812,4629700,0.0,0.0
2022-08-31 00:00:00-04:00,102.97000122070312,104.05000305175781,102.5999984741211,102.6500015258789,96.8067398071289,7600700,0.0,0.0
2022-09-01 00:00:00-04:00,102.36000061035156,104.9000015258789,102.02999877929688,104.83999633789062,98.87207794189453,4397900,0.0,0.0
2022-09-02 00:00:00-04:00,105.44999694824219,105.6500015258789,101.9800033569336,102.5,96.66527557373047,4103200,0.0,0.0
2022-09-06 00:00:00-04:00,102.5,103.93000030517578,102.23999786376953,102.70999908447266,96.86331939697266,4670400,0.0,0.0
2022-09-07 00:00:00-04:00,102.87999725341797,104.97000122070312,102.73999786376953,104.69999694824219,98.74004364013672,5100800,0.0,0.0
2022-09-08 00:00:00-04:00,103.62999725341797,107.56999969482422,103.58999633789062,106.98999786376953,100.89968872070312,8700700,0.0,0.0
2022-09-09 00:00:00-04:00,107.12999725341797,109.06999969482422,107.02999877929688,108.4800033569336,102.30487823486328,5781200,0.0,0.0
2022-09-12 00:00:00-04:00,108.77999877929688,109.66999816894531,108.51000213623047,109.29000091552734,103.06876373291016,4358100,0.0,0.0
2022-09-13 00:00:00-04:00,107.22000122070312,107.58000183105469,105.58000183105469,105.83999633789062,99.81514739990234,5300800,0.0,0.0
2022-09-14 00:00:00-04:00,105.93000030517578,106.79000091552734,105.01000213623047,105.77999877929688,99.7585678100586,3264200,0.0,0.0
2022-09-15 00:00:00-04:00,106.05999755859375,107.08000183105469,104.86000061035156,105.05999755859375,99.07955932617188,4237000,0.0,0.0
2022-09-16 00:00:00-04:00,104.79000091552734,105.0,103.41000366210938,104.0,98.07988739013672,8898200,0.0,0.0
2022-09-19 00:00:00-04:00,103.25,104.11000061035156,102.25,104.08999633789062,98.1647720336914,3816000,0.0,0.0
2022-09-20 00:00:00-04:00,102.79000091552734,103.02999877929688,101.2300033569336,102.30999755859375,96.48609161376953,4617100,0.0,0.0
2022-09-21 00:00:00-04:00,102.87000274658203,103.91999816894531,100.62000274658203,100.6500015258789,94.92059326171875,4720500,0.0,0.0
2022-09-22 00:00:00-04:00,100.05000305175781,101.83000183105469,99.8499984741211,101.06999969482422,95.31668090820312,5567500,0.0,0.0
2022-09-23 00:00:00-04:00,100.38999938964844,100.88999938964844,98.80999755859375,100.68000030517578,94.9488754272461,6214600,0.0,0.0
2022-09-26 00:00:00-04:00,100.18000030517578,100.6500015258789,99.26000213623047,99.83999633789062,94.15670013427734,6037800,0.0,0.0
2022-09-27 00:00:00-04:00,100.25,100.7300033569336,97.91000366210938,98.33000183105469,92.73265838623047,6377800,0.0,0.0
2022-09-28 00:00:00-04:00,98.06999969482422,99.2699966430664,97.56999969482422,98.72000122070312,93.10044860839844,7206900,0.0,0.0
2022-09-29 00:00:00-04:00,98.8499984741211,99.18000030517578,97.55000305175781,98.29000091552734,92.6949234008789,6698800,0.0,0.0
2022-09-30 00:00:00-04:00,98.70999908447266,99.5,96.66999816894531,96.76000213623047,91.25203704833984,6728400,0.0,0.0
2022-10-03 00:00:00-04:00,97.80000305175781,100.19000244140625,97.4000015258789,99.5199966430664,93.85490417480469,4817600,0.0,0.0
2022-10-04 00:00:00-04:00,100.73999786376953,103.20999908447266,100.54000091552734,103.08000183105469,97.21226501464844,5710800,0.0,0.0
2022-10-05 00:00:00-04:00,102.16999816894531,103.95999908447266,101.91999816894531,103.37999725341797,97.49517822265625,3803400,0.0,0.0
2022-10-06 00:00:00-04:00,102.86000061035156,103.20999908447266,101.87999725341797,102.44999694824219,96.61811065673828,6348100,0.0,0.0
2022-10-07 00:00:00-04:00,102.5,105.08999633789062,101.04000091552734,101.79000091552734,95.99568939208984,8485900,0.0,0.0
2022-10-10 00:00:00-04:00,102.12000274658203,102.31999969482422,100.31999969482422,101.12999725341797,95.3732681274414,4044600,0.0,0.0
2022-10-11 00:00:00-04:00,100.8499984741211,102.75,100.08999633789062,101.75,95.95796966552734,5304800,0.0,0.0
2022-10-12 00:00:00-04:00,101.25,101.91000366210938,100.05999755859375,100.08000183105469,94.38304901123047,4106200,0.0,0.0
2022-10-13 00:00:00-04:00,97.93000030517578,103.08000183105469,97.68000030517578,102.47000122070312,97.09295654296875,6250900,0.47,0.0
2022-10-14 00:00:00-04:00,103.18000030517578,103.91999816894531,100.79000091552734,100.91000366210938,95.61481475830078,6087200,0.0,0.0
2022-10-17 00:00:00-04:00,102.12000274658203,103.94999694824219,101.87000274658203,103.5199966430664,98.08785247802734,7315800,0.0,0.0
2022-10-18 00:00:00-04:00,105.80999755859375,106.66999816894531,104.66000366210938,104.9800033569336,99.47126007080078,8943900,0.0,0.0
2022-10-19 00:00:00-04:00,101.0,101.16999816894531,96.31999969482422,98.11000061035156,92.96174621582031,18525200,0.0,0.0
2022-10-20 00:00:00-04:00,96.5199966430664,97.73999786376953,95.01000213623047,95.20999908447266,90.21392059326172,12651200,0.0,0.0
2022-10-21 00:00:00-04:00,94.3499984741211,95.5199966430664,93.25,95.05999755859375,90.07179260253906,9859000,0.0,0.0
2022-10-24 00:00:00-04:00,96.05000305175781,98.48999786376953,95.9000015258789,98.29000091552734,93.1323013305664,8118000,0.0,0.0
2022-10-25 00:00:00-04:00,98.06999969482422,98.9000015258789,97.66000366210938,97.94999694824219,92.81013488769531,7114400,0.0,0.0
2022-10-26 00:00:00-04:00,98.08999633789062,99.5199966430664,97.87999725341797,98.41999816894531,93.25547790527344,8290100,0.0,0.0
2022-10-27 00:00:00-04:00,98.66999816894531,98.66999816894531,96.7699966430664,96.93000030517578,91.84366607666016,6610000,0.0,0.0
2022-10-28 00:00:00-04:00,97.31999969482422,100.0199966430664,97.19999694824219,99.48999786376953,94.26933288574219,5768100,0.0,0.0
2022-10-31 00:00:00-04:00,99.12999725341797,99.5,98.1500015258789,98.94000244140625,93.7481918334961,5885600,0.0,0.0
2022-11-01 00:00:00-04:00,99.62000274658203,100.31999969482422,98.63999938964844,99.30999755859375,94.0987777709961,5249400,0.0,0.0
2022-11-02 00:00:00-04:00,98.7300033569336,101.2300033569336,98.0199966430664,98.04000091552734,92.89543151855469,5196700,0.0,0.0
2022-11-03 00:00:00-04:00,96.80999755859375,97.01000213623047,95.3499984741211,96.44999694824219,91.38885498046875,4873400,0.0,0.0
2022-11-04 00:00:00-04:00,97.83000183105469,98.2300033569336,96.1500015258789,98.06999969482422,92.92383575439453,4902800,0.0,0.0
2022-11-07 00:00:00-05:00,98.77999877929688,100.04000091552734,98.12999725341797,99.5,94.27880859375,4903700,0.0,0.0
2022-11-08 00:00:00-05:00,99.9000015258789,100.26000213623047,98.94999694824219,99.63999938964844,94.41146850585938,5708200,0.0,0.0
2022-11-09 00:00:00-05:00,99.91000366210938,101.2699966430664,99.25,99.45999908447266,94.24090576171875,5339600,0.0,0.0
2022-11-10 00:00:00-05:00,103.02999877929688,104.44000244140625,102.13999938964844,104.2300033569336,98.7606201171875,5907400,0.0,0.0
2022-11-11 00:00:00-05:00,104.63999938964844,105.91000366210938,103.93000030517578,104.08999633789062,98.62796020507812,7106900,0.0,0.0
2022-11-14 00:00:00-05:00,103.66999816894531,104.30999755859375,101.98999786376953,102.01000213623047,96.65708923339844,5661600,0.0,0.0
2022-11-15 00:00:00-05:00,103.44999694824219,104.4800033569336,102.37999725341797,103.13999938964844,97.72779846191406,5262900,0.0,0.0
2022-11-16 00:00:00-05:00,104.23999786376953,105.30000305175781,103.26000213623047,103.61000061035156,98.17314147949219,3292800,0.0,0.0
2022-11-17 00:00:00-05:00,102.66999816894531,103.08999633789062,101.55000305175781,102.55999755859375,97.17823791503906,3332900,0.0,0.0
2022-11-18 00:00:00-05:00,103.5199966430664,104.19000244140625,102.94000244140625,103.87000274658203,98.41950225830078,3931800,0.0,0.0
2022-11-21 00:00:00-05:00,103.7300033569336,104.9000015258789,103.66999816894531,103.87999725341797,98.42898559570312,4148800,0.0,0.0
2022-11-22 00:00:00-05:00,103.9800033569336,105.0,102.87000274658203,104.87000274658203,99.36703491210938,4511700,0.0,0.0
2022-11-23 00:00:00-05:00,104.97000122070312,106.47000122070312,104.4000015258789,106.0199966430664,100.45667266845703,4617500,0.0,0.0
2022-11-25 00:00:00-05:00,106.66999816894531,107.3499984741211,106.51000213623047,106.95999908447266,101.34734344482422,2558100,0.0,0.0
2022-11-28 00:00:00-05:00,106.72000122070312,107.75,105.12999725341797,105.38999938964844,99.85973358154297,4149700,0.0,0.0
2022-11-29 00:00:00-05:00,105.0,105.37999725341797,104.4800033569336,105.0,99.49019622802734,4832300,0.0,0.0
2022-11-30 00:00:00-05:00,105.12999725341797,107.69999694824219,103.44000244140625,107.58000183105469,101.93482971191406,12737300,0.0,0.0
2022-12-01 00:00:00-05:00,108.23999786376953,108.6500015258789,107.3499984741211,107.93000030517578,102.2664566040039,5076200,0.0,0.0
2022-12-02 00:00:00-05:00,106.75,108.13999938964844,106.19999694824219,108.08999633789062,102.41804504394531,4944100,0.0,0.0
2022-12-05 00:00:00-05:00,106.88999938964844,107.05999755859375,105.05999755859375,105.41000366210938,99.8786849975586,4687100,0.0,0.0
2022-12-06 00:00:00-05:00,104.98999786376953,105.41000366210938,103.12999725341797,103.86000061035156,98.4100112915039,4175700,0.0,0.0
2022-12-07 00:00:00-05:00,104.0199966430664,105.48999786376953,104.0199966430664,104.80999755859375,99.31015014648438,3592400,0.0,0.0
2022-12-08 00:00:00-05:00,104.66000366210938,107.08999633789062,104.2300033569336,106.91999816894531,101.30944061279297,4607700,0.0,0.0
2022-12-09 00:00:00-05:00,106.7300033569336,108.4800033569336,106.44999694824219,107.51000213623047,101.86849212646484,5346400,0.0,0.0
2022-12-12 00:00:00-05:00,107.7300033569336,109.58999633789062,107.7300033569336,109.48999786376953,103.74458312988281,4752500,0.0,0.0
2022-12-13 00:00:00-05:00,112.31999969482422,112.69999694824219,111.05999755859375,111.52999877929688,105.67753601074219,6246000,0.0,0.0
2022-12-14 00:00:00-05:00,111.37000274658203,112.91000366210938,110.52999877929688,111.26000213623047,105.42171478271484,5614900,0.0,0.0
2022-12-15 00:00:00-05:00,109.8499984741211,110.0,108.41000366210938,108.5199966430664,102.82548522949219,4947800,0.0,0.0
2022-12-16 00:00:00-05:00,107.69999694824219,107.8499984741211,105.77999877929688,106.91000366210938,101.29998016357422,7976100,0.0,0.0
2022-12-19 00:00:00-05:00,106.73999786376953,107.18000030517578,105.83000183105469,106.58999633789062,100.99677276611328,4352000,0.0,0.0
2022-12-20 00:00:00-05:00,106.61000061035156,106.98999786376953,105.62000274658203,106.48999786376953,100.90200805664062,3673000,0.0,0.0
2022-12-21 00:00:00-05:00,107.08999633789062,108.38999938964844,107.05999755859375,108.13999938964844,102.46543884277344,3228600,0.0,0.0
2022-12-22 00:00:00-05:00,107.70999908447266,108.16000366210938,106.22000122070312,108.02999877929688,102.36119842529297,3311100,0.0,0.0
2022-12-23 00:00:00-05:00,107.66999816894531,108.4000015258789,107.0999984741211,108.18000030517578,102.50333404541016,2618400,0.0,0.0
2022-12-27 00:00:00-05:00,108.3499984741211,109.05000305175781,107.37999725341797,108.56999969482422,102.87285614013672,2927400,0.0,0.0
2022-12-28 00:00:00-05:00,109.0199966430664,110.0999984741211,107.73999786376953,107.83000183105469,102.17170715332031,3265200,0.0,0.0
2022-12-29 00:00:00-05:00,108.75,110.76000213623047,108.45999908447266,110.30999755859375,104.52156829833984,3047800,0.0,0.0
2022-12-30 00:00:00-05:00,109.80000305175781,110.12000274658203,108.66000366210938,109.79000091552734,104.02884674072266,3471000,0.0,0.0
2023-01-03 00:00:00-05:00,110.51000213623047,111.33000183105469,108.75,109.58000183105469,103.82986450195312,4171900,0.0,0.0
2023-01-04 00:00:00-05:00,111.01000213623047,111.94000244140625,110.3499984741211,111.20999908447266,105.37434387207031,4395500,0.0,0.0
2023-01-05 00:00:00-05:00,111.0999984741211,111.70999908447266,110.36000061035156,110.80000305175781,104.98585510253906,4896900,0.0,0.0
2023-01-06 00:00:00-05:00,112.0,112.73999786376953,110.20999908447266,112.33000183105469,106.4355697631836,3800400,0.0,0.0
2023-01-09 00:00:00-05:00,113.5199966430664,113.66999816894531,112.0199966430664,112.1500015258789,106.26500701904297,7277700,0.0,0.0
2023-01-10 00:00:00-05:00,112.5,114.08000183105469,112.31999969482422,113.8499984741211,107.87580108642578,5591700,0.0,0.0
2023-01-11 00:00:00-05:00,114.87000274658203,115.69000244140625,112.13999938964844,113.1500015258789,107.2125244140625,5350300,0.0,0.0
2023-01-12 00:00:00-05:00,111.98999786376953,112.38999938964844,110.88999938964844,111.36000061035156,105.99421691894531,4697700,0.51,0.0
2023-01-13 00:00:00-05:00,111.2699966430664,113.88999938964844,111.19000244140625,113.51000213623047,108.04061126708984,5348700,0.0,0.0
2023-01-17 00:00:00-05:00,113.5,114.27999877929688,113.05999755859375,113.38999938964844,107.92640686035156,5711000,0.0,0.0
2023-01-18 00:00:00-05:00,113.20999908447266,113.58000183105469,111.19000244140625,111.51000213623047,106.13697814941406,4288500,0.0,0.0
2023-01-19 00:00:00-05:00,111.05999755859375,112.31999969482422,110.58999633789062,111.80000305175781,106.41300964355469,6157700,0.0,0.0
2023-01-20 00:00:00-05:00,112.19999694824219,113.04000091552734,111.6500015258789,112.81999969482422,107.38386535644531,5078300,0.0,0.0
2023-01-23 00:00:00-05:00,112.43000030517578,114.69999694824219,112.41999816894531,114.01000213623047,108.51652526855469,6115300,0.0,0.0
2023-01-24 00:00:00-05:00,112.86000061035156,113.66000366210938,112.27999877929688,112.52999877929688,107.10782623291016,4662000,0.0,0.0
2023-01-25 00:00:00-05:00,110.0,112.23999786376953,109.58999633789062,111.0,105.65155792236328,6070800,0.0,0.0
2023-01-26 00:00:00-05:00,111.25,111.62000274658203,110.11000061035156,111.06999969482422,105.71818542480469,4159500,0.0,0.0
2023-01-27 00:00:00-05:00,110.6500015258789,111.26000213623047,109.80999755859375,109.94999694824219,104.65214538574219,4860600,0.0,0.0
2023-01-30 00:00:00-05:00,109.80999755859375,110.66999816894531,109.62000274658203,109.80999755859375,104.5188980102539,4434800,0.0,0.0
2023-01-31 00:00:00-05:00,109.79000091552734,110.66000366210938,108.87000274658203,110.55000305175781,105.22325134277344,5698300,0.0,0.0
2023-02-01 00:00:00-05:00,110.77999877929688,112.08999633789062,109.66999816894531,111.81999969482422,106.43204498291016,4532300,0.0,0.0
2023-02-02 00:00:00-05:00,111.27999877929688,112.37000274658203,110.88999938964844,112.25,106.84132385253906,5051800,0.0,0.0
2023-02-03 00:00:00-05:00,111.80999755859375,112.33000183105469,110.66000366210938,111.79000091552734,106.40348815917969,3754500,0.0,0.0
2023-02-06 00:00:00-05:00,111.56999969482422,111.69000244140625,110.45999908447266,110.75,105.41361236572266,4145600,0.0,0.0
2023-02-07 00:00:00-05:00,110.04000091552734,112.41000366210938,109.87999725341797,111.98999786376953,106.5938491821289,3401600,0.0,0.0
2023-02-08 00:00:00-05:00,111.4000015258789,111.87000274658203,109.75,110.19999694824219,104.89010620117188,4222300,0.0,0.0
2023-02-09 00:00:00-05:00,110.69000244140625,111.2699966430664,107.51000213623047,108.06999969482422,102.86273193359375,3912700,0.0,0.0
2023-02-10 00:00:00-05:00,108.26000213623047,108.9000015258789,107.80000305175781,108.16000366210938,102.94841003417969,4186300,0.0,0.0
2023-02-13 00:00:00-05:00,108.31999969482422,109.13999938964844,107.7699966430664,108.5199966430664,103.29104614257812,3711000,0.0,0.0
2023-02-14 00:00:00-05:00,108.19000244140625,108.33999633789062,106.36000061035156,107.26000213623047,102.0917739868164,4244000,0.0,0.0
2023-02-15 00:00:00-05:00,106.76000213623047,107.30999755859375,106.27999877929688,107.27999877929688,102.11080932617188,4060300,0.0,0.0
2023-02-16 00:00:00-05:00,105.7699966430664,107.38999938964844,105.66999816894531,106.08000183105469,100.96861267089844,3299000,0.0,0.0
2023-02-17 00:00:00-05:00,105.54000091552734,106.95999908447266,105.48999786376953,106.73999786376953,101.59681701660156,3564100,0.0,0.0
2023-02-21 00:00:00-05:00,105.8499984741211,106.13999938964844,103.3499984741211,103.6500015258789,98.65570831298828,5204300,0.0,0.0
2023-02-22 00:00:00-05:00,103.23999786376953,103.8499984741211,100.5,102.69000244140625,97.7419662475586,8900900,0.0,0.0
2023-02-23 00:00:00-05:00,103.23999786376953,103.77999877929688,101.66000366210938,102.55000305175781,97.60871887207031,4611100,0.0,0.0
2023-02-24 00:00:00-05:00,101.44999694824219,101.80000305175781,99.88999938964844,100.45999908447266,95.61942291259766,5476800,0.0,0.0
2023-02-27 00:00:00-05:00,101.27999877929688,101.30999755859375,99.66000366210938,99.7699966430664,94.96266174316406,4489800,0.0,0.0
2023-02-28 00:00:00-05:00,99.83999633789062,102.41999816894531,99.69000244140625,101.72000122070312,96.8187026977539,7877000,0.0,0.0
2023-03-01 00:00:00-05:00,100.69999694824219,101.36000061035156,100.38999938964844,100.83000183105469,95.97159576416016,3963500,0.0,0.0
2023-03-02 00:00:00-05:00,100.2699966430664,102.9800033569336,100.2699966430664,102.62999725341797,97.68487548828125,5209900,0.0,0.0
2023-03-03 00:00:00-05:00,102.9000015258789,104.51000213623047,102.76000213623047,104.44999694824219,99.41716003417969,4982400,0.0,0.0
2023-03-06 00:00:00-05:00,104.51000213623047,104.5999984741211,102.62999725341797,102.75,97.799072265625,5005100,0.0,0.0
2023-03-07 00:00:00-05:00,102.86000061035156,103.0999984741211,99.81999969482422,99.9800033569336,95.16255187988281,6349000,0.0,0.0
2023-03-08 00:00:00-05:00,99.91999816894531,100.2699966430664,99.26000213623047,99.4000015258789,94.61048126220703,6252600,0.0,0.0
2023-03-09 00:00:00-05:00,99.88999938964844,99.97000122070312,97.5,97.8499984741211,93.13516998291016,5146000,0.0,0.0
2023-03-10 00:00:00-05:00,97.76000213623047,98.4000015258789,96.55999755859375,96.95999908447266,92.28805541992188,7042400,0.0,0.0
2023-03-13 00:00:00-04:00,96.5999984741211,99.19999694824219,96.38999938964844,98.19000244140625,93.45879364013672,6553000,0.0,0.0
2023-03-14 00:00:00-04:00,99.27999877929688,99.5,97.33999633789062,98.55000305175781,93.80144500732422,5093900,0.0,0.0
2023-03-15 00:00:00-04:00,97.5,97.94000244140625,96.69999694824219,97.80000305175781,93.08758544921875,5712100,0.0,0.0
2023-03-16 00:00:00-04:00,97.05999755859375,99.27999877929688,97.0,99.02999877929688,94.25831604003906,5289100,0.0,0.0
2023-03-17 00:00:00-04:00,99.01000213623047,99.19999694824219,96.51000213623047,97.01000213623047,92.33565521240234,10848100,0.0,0.0
2023-03-20 00:00:00-04:00,97.26000213623047,98.19999694824219,97.18000030517578,97.87000274658203,93.15422058105469,6075700,0.0,0.0
2023-03-21 00:00:00-04:00,98.16999816894531,98.41000366210938,97.29000091552734,98.33000183105469,93.59205627441406,4475000,0.0,0.0
2023-03-22 00:00:00-04:00,98.61000061035156,99.30999755859375,96.83999633789062,96.86000061035156,92.19287872314453,3606700,0.0,0.0
2023-03-23 00:00:00-04:00,96.9000015258789,97.80999755859375,96.44000244140625,97.04000091552734,92.36420440673828,4525000,0.0,0.0
2023-03-24 00:00:00-04:00,97.04000091552734,98.08000183105469,96.80999755859375,98.05000305175781,93.3255386352539,5269100,0.0,0.0
2023-03-27 00:00:00-04:00,99.0,99.4800033569336,98.2699966430664,98.45999908447266,93.71578979492188,4627700,0.0,0.0
2023-03-28 00:00:00-04:00,98.0999984741211,98.23999786376953,96.61000061035156,97.11000061035156,92.43084716796875,4815400,0.0,0.0
2023-03-29 00:00:00-04:00,98.01000213623047,98.73999786376953,97.25,98.62000274658203,93.86808013916016,6780200,0.0,0.0
2023-03-30 00:00:00-04:00,99.37999725341797,99.4800033569336,98.51000213623047,99.08000183105469,94.30591583251953,5199300,0.0,0.0
2023-03-31 00:00:00-04:00,99.91999816894531,101.41000366210938,99.7300033569336,101.26000213623047,96.38087463378906,6442400,0.0,0.0
2023-04-03 00:00:00-04:00,100.80000305175781,101.66000366210938,100.04000091552734,101.58999633789062,96.6949691772461,5432400,0.0,0.0
2023-04-04 00:00:00-04:00,101.9000015258789,103.33999633789062,101.83000183105469,102.80000305175781,97.84666442871094,7979000,0.0,0.0
2023-04-05 00:00:00-04:00,102.62999725341797,104.29000091552734,102.5,104.20999908447266,99.18873596191406,7298300,0.0,0.0
2023-04-06 00:00:00-04:00,104.48999786376953,105.55000305175781,104.18000030517578,104.93000030517578,99.87403106689453,5065000,0.0,0.0
2023-04-10 00:00:00-04:00,104.41999816894531,104.91000366210938,103.05999755859375,103.69999694824219,98.70330047607422,4900200,0.0,0.0
2023-04-11 00:00:00-04:00,104.19999694824219,104.69999694824219,103.0999984741211,103.29000091552734,98.31305694580078,4658000,0.0,0.0
2023-04-12 00:00:00-04:00,103.38999938964844,103.83999633789062,102.30999755859375,102.55999755859375,97.61823272705078,4560700,0.0,0.0
2023-04-13 00:00:00-04:00,102.75,103.70999908447266,101.80000305175781,103.61000061035156,99.11048126220703,4778700,0.51,0.0
2023-04-14 00:00:00-04:00,103.61000061035156,104.3499984741211,103.45999908447266,103.95999908447266,99.44528198242188,5043700,0.0,0.0
2023-04-17 00:00:00-04:00,104.0,104.8499984741211,104.0,104.5199966430664,99.98096466064453,4806400,0.0,0.0
2023-04-18 00:00:00-04:00,105.44000244140625,105.69999694824219,103.93000030517578,104.1500015258789,99.62703704833984,6552100,0.0,0.0
2023-04-19 00:00:00-04:00,108.5,112.69999694824219,108.1500015258789,112.29000091552734,107.41352844238281,12425400,0.0,0.0
2023-04-20 00:00:00-04:00,112.25,112.29000091552734,110.0,110.3499984741211,105.55777740478516,7413200,0.0,0.0
2023-04-21 00:00:00-04:00,110.87999725341797,112.12000274658203,110.87999725341797,111.66000366210938,106.81089782714844,6301100,0.0,0.0
2023-04-24 00:00:00-04:00,111.75,111.75,110.13999938964844,110.4000015258789,105.60562133789062,5341900,0.0,0.0
2023-04-25 00:00:00-04:00,110.38999938964844,110.52999877929688,109.66999816894531,109.97000122070312,105.19429016113281,5636700,0.0,0.0
2023-04-26 00:00:00-04:00,109.31999969482422,109.41999816894531,108.2699966430664,108.75,104.02727508544922,4240000,0.0,0.0
2023-04-27 00:00:00-04:00,108.70999908447266,109.54000091552734,107.66999816894531,109.5,104.74468994140625,4257200,0.0,0.0
2023-04-28 00:00:00-04:00,109.44000244140625,110.8499984741211,109.37000274658203,110.47000122070312,105.67256927490234,4835900,0.0,0.0
2023-05-01 00:00:00-04:00,110.45999908447266,111.56999969482422,109.93000030517578,111.11000061035156,106.28478240966797,3722900,0.0,0.0
2023-05-02 00:00:00-04:00,111.05999755859375,111.94000244140625,110.43000030517578,111.5,106.65784454345703,4998000,0.0,0.0
2023-05-03 00:00:00-04:00,111.80999755859375,112.94999694824219,111.43000030517578,111.76000213623047,106.90655517578125,5602000,0.0,0.0
2023-05-04 00:00:00-04:00,111.44999694824219,111.48999786376953,110.55999755859375,110.86000061035156,106.0456314086914,4070700,0.0,0.0
2023-05-05 00:00:00-04:00,111.37000274658203,111.75,111.05000305175781,111.26000213623047,106.42826843261719,4025000,0.0,0.0
2023-05-08 00:00:00-04:00,110.45999908447266,111.58000183105469,110.29000091552734,110.9000015258789,106.08389282226562,2445500,0.0,0.0
2023-05-09 00:00:00-04:00,110.12999725341797,111.02999877929688,109.29000091552734,110.25,105.4621353149414,3274300,0.0,0.0
2023-05-10 00:00:00-04:00,110.9000015258789,110.97000122070312,109.62999725341797,110.69000244140625,105.88302612304688,3129100,0.0,0.0
2023-05-11 00:00:00-04:00,110.05999755859375,110.47000122070312,109.26000213623047,110.05000305175781,105.27081298828125,3879400,0.0,0.0
2023-05-12 00:00:00-04:00,109.76000213623047,110.55000305175781,109.4800033569336,110.48999786376953,105.69169616699219,3325000,0.0,0.0
2023-05-15 00:00:00-04:00,110.63999938964844,110.9800033569336,109.54000091552734,109.83999633789062,105.06993103027344,3020000,0.0,0.0
2023-05-16 00:00:00-04:00,109.54000091552734,110.45999908447266,109.26000213623047,109.38999938964844,104.63948822021484,3393800,0.0,0.0
2023-05-17 00:00:00-04:00,109.7699966430664,109.9800033569336,107.97000122070312,108.81999969482422,104.09423065185547,3801000,0.0,0.0
2023-05-18 00:00:00-04:00,108.7300033569336,108.83999633789062,107.87000274658203,108.47000122070312,103.75942993164062,3481600,0.0,0.0
2023-05-19 00:00:00-04:00,108.9800033569336,109.9800033569336,108.4000015258789,108.93000030517578,104.19945526123047,4487700,0.0,0.0
2023-05-22 00:00:00-04:00,108.68000030517578,109.31999969482422,108.06999969482422,108.25,103.54898834228516,2809500,0.0,0.0
2023-05-23 00:00:00-04:00,107.30000305175781,107.4800033569336,105.5199966430664,105.73999786376953,101.1479721069336,4337800,0.0,0.0
2023-05-24 00:00:00-04:00,105.6500015258789,105.6500015258789,103.98999786376953,104.04000091552734,99.52181243896484,4507600,0.0,0.0
2023-05-25 00:00:00-04:00,103.2699966430664,103.52999877929688,101.33999633789062,102.13999938964844,97.7043228149414,6734500,0.0,0.0
2023-05-26 00:00:00-04:00,102.1500015258789,103.44999694824219,102.02999877929688,102.87000274658203,98.40262603759766,4911800,0.0,0.0
2023-05-30 00:00:00-04:00,102.25,102.5199966430664,101.56999969482422,101.70999908447266,97.29299926757812,5168700,0.0,0.0
2023-05-31 00:00:00-04:00,101.5,102.2699966430664,100.37999725341797,102.0,97.57040405273438,7063400,0.0,0.0
2023-06-01 00:00:00-04:00,101.91000366210938,102.9000015258789,100.91000366210938,102.81999969482422,98.35478973388672,4603900,0.0,0.0
2023-06-02 00:00:00-04:00,103.30999755859375,104.5,102.8499984741211,104.19999694824219,99.67486572265625,6024300,0.0,0.0
2023-06-05 00:00:00-04:00,104.05999755859375,105.01000213623047,103.33999633789062,103.76000213623047,99.25397491455078,3565900,0.0,0.0
2023-06-06 00:00:00-04:00,103.87000274658203,104.04000091552734,102.22000122070312,102.62000274658203,98.16349029541016,4044300,0.0,0.0
2023-06-07 00:00:00-04:00,102.41999816894531,102.48999786376953,101.25,101.66000366210938,97.24517059326172,6231200,0.0,0.0
2023-06-08 00:00:00-04:00,101.25,101.37999725341797,100.56999969482422,100.77999877929688,96.40338897705078,5159000,0.0,0.0
2023-06-09 00:00:00-04:00,100.97000122070312,101.9800033569336,100.54000091552734,101.69000244140625,97.27385711669922,4276000,0.0,0.0
2023-06-12 00:00:00-04:00,101.83999633789062,101.91000366210938,100.79000091552734,101.4000015258789,96.99644470214844,3629100,0.0,0.0
2023-06-13 00:00:00-04:00,101.48999786376953,102.06999969482422,100.94000244140625,101.86000061035156,97.43647766113281,4642200,0.0,0.0
2023-06-14 00:00:00-04:00,103.30999755859375,104.1500015258789,102.81999969482422,103.25,98.76612854003906,5020600,0.0,0.0
2023-06-15 00:00:00-04:00,103.26000213623047,105.31999969482422,103.11000061035156,105.0199966430664,100.45924377441406,6378600,0.0,0.0
2023-06-16 00:00:00-04:00,105.44000244140625,106.56999969482422,105.37000274658203,106.19999694824219,101.58799743652344,10020900,0.0,0.0
2023-06-20 00:00:00-04:00,105.19999694824219,107.66999816894531,104.9000015258789,106.69999694824219,102.0662841796875,6573100,0.0,0.0
2023-06-21 00:00:00-04:00,106.62000274658203,106.76000213623047,105.61000061035156,106.25,101.63583374023438,4428600,0.0,0.0
2023-06-22 00:00:00-04:00,106.69000244140625,108.36000061035156,106.44000244140625,108.25,103.54898834228516,5480300,0.0,0.0
2023-06-23 00:00:00-04:00,108.19999694824219,108.5,107.37000274658203,108.05000305175781,103.357666015625,5647000,0.0,0.0
2023-06-26 00:00:00-04:00,108.0999984741211,109.20999908447266,106.80000305175781,108.51000213623047,103.79769134521484,6134700,0.0,0.0
2023-06-27 00:00:00-04:00,108.88999938964844,108.94000244140625,106.7699966430664,107.79000091552734,103.10896301269531,4849700,0.0,0.0
2023-06-28 00:00:00-04:00,107.95999908447266,108.1500015258789,107.36000061035156,107.61000061035156,102.93678283691406,3900000,0.0,0.0
2023-06-29 00:00:00-04:00,107.02999877929688,107.86000061035156,106.97000122070312,107.66000366210938,102.98461151123047,3417400,0.0,0.0
2023-06-30 00:00:00-04:00,108.0,109.33999633789062,107.69999694824219,109.0199966430664,104.2855453491211,4449200,0.0,0.0
2023-07-03 00:00:00-04:00,108.25,108.4800033569336,107.02999877929688,107.22000122070312,102.56371307373047,2268000,0.0,0.0
2023-07-05 00:00:00-04:00,106.72000122070312,107.83000183105469,106.44999694824219,107.37000274658203,102.70719146728516,4968600,0.0,0.0
2023-07-06 00:00:00-04:00,106.75,107.44999694824219,106.13999938964844,107.19999694824219,102.5445785522461,5325000,0.0,0.0
2023-07-07 00:00:00-04:00,106.30000305175781,107.93000030517578,106.06999969482422,106.3499984741211,101.73149108886719,5053700,0.0,0.0
2023-07-10 00:00:00-04:00,106.58000183105469,107.75,106.29000091552734,107.0199966430664,102.37238311767578,5259500,0.0,0.0
2023-07-11 00:00:00-04:00,107.0199966430664,107.68000030517578,106.7699966430664,107.5,102.83155822753906,3899700,0.0,0.0
2023-07-12 00:00:00-04:00,108.05999755859375,108.20999908447266,106.66000366210938,106.8499984741211,102.20977020263672,4845300,0.0,0.0
2023-07-13 00:00:00-04:00,106.69000244140625,107.79000091552734,106.44999694824219,107.73999786376953,103.55538940429688,4936800,0.51,0.0
2023-07-14 00:00:00-04:00,108.0,108.47000122070312,107.18000030517578,107.93000030517578,103.73802185058594,4016000,0.0,0.0
2023-07-17 00:00:00-04:00,107.54000091552734,107.70999908447266,106.70999908447266,107.0,102.8441390991211,4580800,0.0,0.0
2023-07-18 00:00:00-04:00,106.80999755859375,107.19000244140625,105.95999908447266,106.94999694824219,102.79607391357422,3913900,0.0,0.0
2023-07-19 00:00:00-04:00,107.06999969482422,108.08999633789062,107.05999755859375,107.27999877929688,103.1132583618164,6225900,0.0,0.0
2023-07-20 00:00:00-04:00,108.0999984741211,112.56999969482422,107.77999877929688,111.83000183105469,107.4865493774414,8768600,0.0,0.0
2023-07-21 00:00:00-04:00,112.8499984741211,114.79000091552734,112.33000183105469,114.29000091552734,109.85099792480469,7062700,0.0,0.0
2023-07-24 00:00:00-04:00,113.83999633789062,115.83000183105469,113.18000030517578,114.62000274658203,110.16818237304688,5665900,0.0,0.0
2023-07-25 00:00:00-04:00,113.11000061035156,113.5,112.51000213623047,112.93000030517578,108.54383087158203,4732500,0.0,0.0
2023-07-26 00:00:00-04:00,112.5,114.30000305175781,112.37999725341797,114.08000183105469,109.64916229248047,3682500,0.0,0.0
2023-07-27 00:00:00-04:00,114.45999908447266,114.58999633789062,112.51000213623047,112.6500015258789,108.27469635009766,4762900,0.0,0.0
2023-07-28 00:00:00-04:00,113.18000030517578,113.5199966430664,112.31999969482422,112.7300033569336,108.35159301757812,3409200,0.0,0.0
2023-07-31 00:00:00-04:00,112.8499984741211,112.88999938964844,110.69999694824219,111.33000183105469,107.00597381591797,3930800,0.0,0.0
2023-08-01 00:00:00-04:00,110.70999908447266,111.25,110.30000305175781,110.52999877929688,106.23704528808594,3733700,0.0,0.0
2023-08-02 00:00:00-04:00,110.0199966430664,110.19999694824219,108.05999755859375,108.62000274658203,104.40121459960938,4699400,0.0,0.0
2023-08-03 00:00:00-04:00,107.70999908447266,108.30999755859375,107.13999938964844,107.54000091552734,103.36317443847656,4947700,0.0,0.0
2023-08-04 00:00:00-04:00,107.31999969482422,108.77999877929688,107.27999877929688,107.6500015258789,103.46891021728516,3231100,0.0,0.0
2023-08-07 00:00:00-04:00,107.98999786376953,108.58999633789062,107.62999725341797,108.44999694824219,104.23782348632812,3632500,0.0,0.0
2023-08-08 00:00:00-04:00,107.5999984741211,107.5999984741211,103.66999816894531,105.58000183105469,101.47929382324219,7544300,0.0,0.0
2023-08-09 00:00:00-04:00,105.5,106.9000015258789,105.18000030517578,105.30000305175781,101.21017456054688,5135200,0.0,0.0
2023-08-10 00:00:00-04:00,105.4800033569336,107.0,104.62000274658203,104.73999786376953,100.67191314697266,4708200,0.0,0.0
2023-08-11 00:00:00-04:00,104.22000122070312,105.41000366210938,103.69000244140625,105.30999755859375,101.21978759765625,3478600,0.0,0.0
2023-08-14 00:00:00-04:00,105.13999938964844,106.22000122070312,105.13999938964844,106.0999984741211,101.97909545898438,3076100,0.0,0.0
2023-08-15 00:00:00-04:00,106.1500015258789,106.1500015258789,104.55000305175781,104.94000244140625,100.86415100097656,3150600,0.0,0.0
2023-08-16 00:00:00-04:00,104.45999908447266,105.37999725341797,104.44000244140625,104.52999877929688,100.47008514404297,4086400,0.0,0.0
2023-08-17 00:00:00-04:00,105.19999694824219,105.91000366210938,104.4800033569336,104.93000030517578,100.85453796386719,4175200,0.0,0.0
2023-08-18 00:00:00-04:00,104.55999755859375,105.05999755859375,103.27999877929688,103.70999908447266,99.68192291259766,4809700,0.0,0.0
2023-08-21 00:00:00-04:00,103.77999877929688,104.41000366210938,103.36000061035156,103.87000274658203,99.83572387695312,2954700,0.0,0.0
2023-08-22 00:00:00-04:00,103.87999725341797,105.52999877929688,103.72000122070312,105.1500015258789,101.06599426269531,4840100,0.0,0.0
2023-08-23 00:00:00-04:00,105.69999694824219,106.11000061035156,104.80000305175781,105.12999725341797,101.04676818847656,3403300,0.0,0.0
2023-08-24 00:00:00-04:00,104.91000366210938,105.8499984741211,103.62999725341797,103.75,99.72037506103516,3529500,0.0,0.0
2023-08-25 00:00:00-04:00,104.0199966430664,104.77999877929688,103.29000091552734,104.20999908447266,100.1624984741211,3000800,0.0,0.0
2023-08-28 00:00:00-04:00,105.06999969482422,105.22000122070312,101.88999938964844,102.79000091552734,98.79766082763672,5862500,0.0,0.0
2023-08-29 00:00:00-04:00,103.23999786376953,103.94000244140625,102.9800033569336,103.87000274658203,99.83572387695312,4515600,0.0,0.0
2023-08-30 00:00:00-04:00,104.08000183105469,105.08000183105469,104.08000183105469,104.41000366210938,100.354736328125,3711300,0.0,0.0
2023-08-31 00:00:00-04:00,104.5199966430664,104.58000183105469,102.86000061035156,102.9000015258789,98.90338134765625,4042300,0.0,0.0
2023-09-01 00:00:00-04:00,103.4000015258789,103.79000091552734,102.55999755859375,102.8499984741211,98.8553237915039,2641100,0.0,0.0
2023-09-05 00:00:00-04:00,102.77999877929688,102.8499984741211,100.87000274658203,100.87999725341797,96.96183776855469,4284000,0.0,0.0
2023-09-06 00:00:00-04:00,101.01000213623047,102.05999755859375,99.7699966430664,101.55999755859375,97.61543273925781,5094400,0.0,0.0
2023-09-07 00:00:00-04:00,101.98999786376953,102.27999877929688,100.51000213623047,100.66999816894531,96.76000213623047,3863200,0.0,0.0
2023-09-08 00:00:00-04:00,100.5999984741211,100.81999969482422,99.83999633789062,100.7300033569336,96.81767272949219,3521300,0.0,0.0
2023-09-11 00:00:00-04:00,100.80000305175781,103.12999725341797,100.55000305175781,102.44999694824219,98.47086334228516,4891100,0.0,0.0
2023-09-12 00:00:00-04:00,102.37000274658203,102.91999816894531,101.5999984741211,102.4000015258789,98.42280578613281,3531400,0.0,0.0
2023-09-13 00:00:00-04:00,102.06999969482422,103.44000244140625,102.05999755859375,102.69000244140625,98.70155334472656,3192500,0.0,0.0
2023-09-14 00:00:00-04:00,103.22000122070312,103.62000274658203,102.5199966430664,102.6500015258789,98.6630859375,4086600,0.0,0.0
2023-09-15 00:00:00-04:00,102.8499984741211,102.88999938964844,101.4800033569336,101.73999786376953,97.7884521484375,8303300,0.0,0.0
2023-09-18 00:00:00-04:00,102.06999969482422,102.06999969482422,100.75,101.0,97.07718658447266,3652600,0.0,0.0
2023-09-19 00:00:00-04:00,101.37999725341797,101.95999908447266,100.13999938964844,100.66999816894531,96.76000213623047,4090800,0.0,0.0
2023-09-20 00:00:00-04:00,101.19000244140625,101.3499984741211,100.2699966430664,100.27999877929688,96.38513946533203,3966000,0.0,0.0
2023-09-21 00:00:00-04:00,100.0,100.19999694824219,98.8499984741211,98.93000030517578,95.08757781982422,3943700,0.0,0.0
2023-09-22 00:00:00-04:00,98.9000015258789,98.93000030517578,98.0199966430664,98.1500015258789,94.33788299560547,4357800,0.0,0.0
2023-09-25 00:00:00-04:00,97.97000122070312,98.20999908447266,97.16000366210938,97.47000122070312,93.68428039550781,4096300,0.0,0.0
2023-09-26 00:00:00-04:00,97.05000305175781,97.52999877929688,96.02999877929688,96.2300033569336,92.4924545288086,3967700,0.0,0.0
2023-09-27 00:00:00-04:00,96.58999633789062,96.94000244140625,94.76000213623047,95.52999877929688,91.81964111328125,5391000,0.0,0.0
2023-09-28 00:00:00-04:00,96.27999877929688,98.27999877929688,96.12000274658203,98.12000274658203,94.30904388427734,6092800,0.0,0.0
2023-09-29 00:00:00-04:00,98.44999694824219,98.51000213623047,96.4800033569336,96.8499984741211,93.08836364746094,5150500,0.0,0.0
2023-10-02 00:00:00-04:00,95.76000213623047,95.88999938964844,94.52999877929688,95.7300033569336,92.0118637084961,4349200,0.0,0.0
2023-10-03 00:00:00-04:00,95.5199966430664,96.16999816894531,94.58000183105469,95.79000091552734,92.06953430175781,4597500,0.0,0.0
2023-10-04 00:00:00-04:00,95.88999938964844,96.33999633789062,94.83000183105469,95.6500015258789,91.93496704101562,4336100,0.0,0.0
2023-10-05 00:00:00-04:00,95.76000213623047,96.69000244140625,95.0999984741211,96.19999694824219,92.4636001586914,5708300,0.0,0.0
2023-10-06 00:00:00-04:00,95.80999755859375,97.51000213623047,95.44999694824219,96.87999725341797,93.11719512939453,4790500,0.0,0.0
2023-10-09 00:00:00-04:00,96.41000366210938,97.01000213623047,95.79000091552734,96.76000213623047,93.0018539428711,3958300,0.0,0.0
2023-10-10 00:00:00-04:00,96.81999969482422,98.48999786376953,96.58999633789062,97.55999755859375,93.77079010009766,4352200,0.0,0.0
2023-10-11 00:00:00-04:00,97.16000366210938,97.16000366210938,92.05000305175781,92.63999938964844,89.04188537597656,9269300,0.0,0.0
2023-10-12 00:00:00-04:00,92.25,93.08000183105469,89.66999816894531,90.19000244140625,87.16691589355469,7387000,0.51,0.0
2023-10-13 00:00:00-04:00,89.87999725341797,91.66000366210938,89.80999755859375,90.87000274658203,87.82411193847656,5623600,0.0,0.0
2023-10-16 00:00:00-04:00,91.0999984741211,92.86000061035156,90.87000274658203,92.18000030517578,89.09020233154297,6452300,0.0,0.0
2023-10-17 00:00:00-04:00,91.94999694824219,93.01000213623047,91.26000213623047,92.13999938964844,89.05154418945312,8288600,0.0,0.0
2023-10-18 00:00:00-04:00,96.0,96.5,91.6500015258789,95.55999755859375,92.35691833496094,16482600,0.0,0.0
2023-10-19 00:00:00-04:00,96.54000091552734,96.54000091552734,93.76000213623047,95.44000244140625,92.24093627929688,8537800,0.0,0.0
2023-10-20 00:00:00-04:00,95.25,98.1500015258789,95.25,96.77999877929688,93.53601837158203,11517800,0.0,0.0
2023-10-23 00:00:00-04:00,96.87999725341797,98.1500015258789,95.66000366210938,95.77999877929688,92.56954956054688,6178800,0.0,0.0
2023-10-24 00:00:00-04:00,95.4000015258789,95.83000183105469,94.33999633789062,94.80999755859375,91.63204956054688,6677000,0.0,0.0
2023-10-25 00:00:00-04:00,94.55999755859375,94.63999938964844,92.79000091552734,93.56999969482422,90.4336166381836,8157700,0.0,0.0
2023-10-26 00:00:00-04:00,93.05999755859375,94.75,93.05000305175781,93.9800033569336,90.82987213134766,6838100,0.0,0.0
2023-10-27 00:00:00-04:00,94.75,95.31999969482422,92.37999725341797,92.8499984741211,89.73773956298828,5934100,0.0,0.0
2023-10-30 00:00:00-04:00,93.52999877929688,93.8499984741211,91.63999938964844,93.0,89.8827133178711,7168900,0.0,0.0
2023-10-31 00:00:00-04:00,93.9000015258789,94.9000015258789,93.12000274658203,94.55000305175781,91.3807601928711,7452300,0.0,0.0
2023-11-01 00:00:00-04:00,94.8499984741211,95.98999786376953,94.55999755859375,95.01000213623047,91.8253402709961,6985000,0.0,0.0
2023-11-02 00:00:00-04:00,94.9800033569336,96.16999816894531,94.44000244140625,95.95999908447266,92.74349975585938,4683100,0.0,0.0
2023-11-03 00:00:00-04:00,97.0,97.16999816894531,95.66000366210938,95.83999633789062,92.62751770019531,5652600,0.0,0.0
2023-11-06 00:00:00-05:00,95.55000305175781,95.80999755859375,94.41000366210938,95.0,91.81568908691406,6137400,0.0,0.0
2023-11-07 00:00:00-05:00,94.93000030517578,95.44000244140625,94.5,94.80000305175781,91.62238311767578,4466500,0.0,0.0
2023-11-08 00:00:00-05:00,95.22000122070312,95.7300033569336,93.79000091552734,94.73999786376953,91.56439208984375,4416000,0.0,0.0
2023-11-09 00:00:00-05:00,94.87999725341797,95.19000244140625,93.38999938964844,93.55000305175781,90.4142837524414,5007900,0.0,0.0
2023-11-10 00:00:00-05:00,93.69999694824219,94.22000122070312,92.43000030517578,93.97000122070312,90.8202133178711,5479100,0.0,0.0
2023-11-13 00:00:00-05:00,95.66999816894531,96.75,94.5,95.79000091552734,92.57920837402344,6894800,0.0,0.0
2023-11-14 00:00:00-05:00,96.31999969482422,97.83999633789062,96.19999694824219,97.08000183105469,93.82596588134766,5527100,0.0,0.0
2023-11-15 00:00:00-05:00,97.37000274658203,98.33000183105469,96.91999816894531,98.0,94.71512603759766,5370500,0.0,0.0
2023-11-16 00:00:00-05:00,97.72000122070312,100.3499984741211,97.63999938964844,100.26000213623047,96.89938354492188,7603200,0.0,0.0
2023-11-17 00:00:00-05:00,100.43000030517578,100.75,99.25,99.55000305175781,96.21317291259766,6069100,0.0,0.0
2023-11-20 00:00:00-05:00,98.94999694824219,101.30999755859375,98.94999694824219,101.19999694824219,97.807861328125,6869100,0.0,0.0
2023-11-21 00:00:00-05:00,101.47000122070312,102.58000183105469,100.98999786376953,101.91000366210938,98.49407196044922,7111600,0.0,0.0
2023-11-22 00:00:00-05:00,102.27999877929688,103.22000122070312,102.08000183105469,102.69999694824219,99.25758361816406,6470600,0.0,0.0
2023-11-24 00:00:00-05:00,102.68000030517578,103.18000030517578,102.19000244140625,102.87000274658203,99.42189025878906,2166800,0.0,0.0
2023-11-27 00:00:00-05:00,102.5999984741211,103.47000122070312,102.25,102.70999908447266,99.26724243164062,4572500,0.0,0.0
2023-11-28 00:00:00-05:00,102.45999908447266,102.48999786376953,101.3499984741211,102.05999755859375,98.6390380859375,3607600,0.0,0.0
2023-11-29 00:00:00-05:00,102.31999969482422,103.83999633789062,102.2300033569336,103.62999725341797,100.15641784667969,5458700,0.0,0.0
2023-11-30 00:00:00-05:00,103.75,104.72000122070312,103.11000061035156,104.29000091552734,100.7942886352539,16766200,0.0,0.0
2023-12-01 00:00:00-05:00,104.22000122070312,104.9800033569336,103.9000015258789,104.87999725341797,101.36450958251953,4682300,0.0,0.0
2023-12-04 00:00:00-05:00,104.41000366210938,105.51000213623047,104.30000305175781,105.19000244140625,101.66412353515625,4717700,0.0,0.0
2023-12-05 00:00:00-05:00,105.0,105.25,103.94999694824219,104.3499984741211,100.85227966308594,4315500,0.0,0.0
2023-12-06 00:00:00-05:00,104.62999725341797,105.26000213623047,103.87999725341797,104.94000244140625,101.4225082397461,4296000,0.0,0.0
2023-12-07 00:00:00-05:00,105.19000244140625,105.20999908447266,103.95999908447266,104.05000305175781,100.56233215332031,5199000,0.0,0.0
2023-12-08 00:00:00-05:00,104.12000274658203,104.86000061035156,104.12000274658203,104.51000213623047,101.00691223144531,3426800,0.0,0.0
2023-12-11 00:00:00-05:00,104.20999908447266,106.25,104.20999908447266,106.22000122070312,102.65959930419922,5208200,0.0,0.0
2023-12-12 00:00:00-05:00,106.37000274658203,107.22000122070312,105.55999755859375,106.68000030517578,103.10417175292969,5354500,0.0,0.0
2023-12-13 00:00:00-05:00,106.01000213623047,107.27999877929688,105.9000015258789,107.25,103.65506744384766,6534800,0.0,0.0
2023-12-14 00:00:00-05:00,107.83000183105469,108.66999816894531,106.68000030517578,108.5999984741211,104.95982360839844,6611600,0.0,0.0
2023-12-15 00:00:00-05:00,107.86000061035156,107.97000122070312,106.51000213623047,107.29000091552734,103.69373321533203,13316300,0.0,0.0
2023-12-18 00:00:00-05:00,107.63999938964844,108.62000274658203,107.16000366210938,108.05999755859375,104.43792724609375,5142800,0.0,0.0
2023-12-19 00:00:00-05:00,108.1500015258789,108.72000122070312,107.43000030517578,108.41999816894531,104.78585052490234,4675100,0.0,0.0
2023-12-20 00:00:00-05:00,107.8499984741211,108.81999969482422,107.30000305175781,107.4000015258789,103.800048828125,5666200,0.0,0.0
2023-12-21 00:00:00-05:00,107.41999816894531,108.68000030517578,107.18000030517578,108.4800033569336,104.8438491821289,3555600,0.0,0.0
2023-12-22 00:00:00-05:00,108.86000061035156,109.33999633789062,108.5,109.02999877929688,105.37541198730469,2565700,0.0,0.0
2023-12-26 00:00:00-05:00,108.51000213623047,109.7300033569336,108.51000213623047,109.2300033569336,105.56871032714844,2513400,0.0,0.0
2023-12-27 00:00:00-05:00,109.04000091552734,109.80000305175781,109.04000091552734,109.79000091552734,106.10993957519531,2471800,0.0,0.0
2023-12-28 00:00:00-05:00,109.8499984741211,110.70999908447266,109.72000122070312,110.4000015258789,106.6994857788086,3206100,0.0,0.0
2023-12-29 00:00:00-05:00,110.4000015258789,110.7300033569336,109.83000183105469,110.06999969482422,106.38055419921875,3550200,0.0,0.0
2024-01-02 00:00:00-05:00,109.55999755859375,111.0,109.55999755859375,109.8499984741211,106.16792297363281,5058600,0.0,0.0
2024-01-03 00:00:00-05:00,110.13999938964844,110.25,109.29000091552734,109.5199966430664,105.8489761352539,4239600,0.0,0.0
2024-01-04 00:00:00-05:00,109.68000030517578,111.02999877929688,109.51000213623047,110.9800033569336,107.26004028320312,5296100,0.0,0.0
2024-01-05 00:00:00-05:00,110.70999908447266,111.05000305175781,110.02999877929688,110.80000305175781,107.0860824584961,4127700,0.0,0.0
2024-01-08 00:00:00-05:00,111.12999725341797,112.5199966430664,110.91999816894531,112.4000015258789,108.63245391845703,5030400,0.0,0.0
2024-01-09 00:00:00-05:00,112.1500015258789,113.54000091552734,112.05999755859375,112.7300033569336,108.9513931274414,3802100,0.0,0.0
2024-01-10 00:00:00-05:00,113.05000305175781,114.41000366210938,112.80999755859375,114.4000015258789,110.56541442871094,4672100,0.0,0.0
2024-01-11 00:00:00-05:00,113.26000213623047,113.7300033569336,112.58999633789062,113.5,110.22551727294922,5163900,0.55,0.0
2024-01-12 00:00:00-05:00,114.16999816894531,114.94000244140625,113.44999694824219,113.91999816894531,110.63339233398438,3884800,0.0,0.0
2024-01-16 00:00:00-05:00,113.51000213623047,114.06999969482422,112.91000366210938,113.76000213623047,110.47801208496094,5876000,0.0,0.0
2024-01-17 00:00:00-05:00,113.62000274658203,114.5,113.44000244140625,113.93000030517578,110.64311218261719,4672000,0.0,0.0
2024-01-18 00:00:00-05:00,114.19999694824219,114.56999969482422,113.41000366210938,114.0199966430664,110.73051452636719,5098000,0.0,0.0
2024-01-19 00:00:00-05:00,113.62999725341797,114.86000061035156,113.45999908447266,114.69000244140625,111.38118743896484,6843100,0.0,0.0
2024-01-22 00:00:00-05:00,114.93000030517578,115.63999938964844,114.13999938964844,114.19000244140625,110.8956069946289,5062500,0.0,0.0
2024-01-23 00:00:00-05:00,114.44999694824219,115.5,112.87000274658203,114.0,110.71109771728516,5037300,0.0,0.0
2024-01-24 00:00:00-05:00,110.75,113.3499984741211,109.73999786376953,110.7699966430664,107.57427215576172,8710800,0.0,0.0
2024-01-25 00:00:00-05:00,111.41000366210938,112.56999969482422,110.79000091552734,112.44999694824219,109.20579528808594,5648600,0.0,0.0
2024-01-26 00:00:00-05:00,113.2300033569336,113.41000366210938,111.54000091552734,112.01000213623047,108.77849578857422,5176600,0.0,0.0
2024-01-29 00:00:00-05:00,112.1500015258789,113.47000122070312,112.02999877929688,113.44999694824219,110.17695617675781,6480600,0.0,0.0
2024-01-30 00:00:00-05:00,113.9000015258789,113.91999816894531,112.37999725341797,113.4800033569336,110.20608520507812,4768400,0.0,0.0
2024-01-31 00:00:00-05:00,114.0,114.54000091552734,112.62000274658203,113.1500015258789,109.88561248779297,8325200,0.0,0.0
2024-02-01 00:00:00-05:00,112.75,114.54000091552734,112.0,114.48999786376953,111.18694305419922,4520300,0.0,0.0
2024-02-02 00:00:00-05:00,112.95999908447266,114.05999755859375,111.9800033569336,112.11000061035156,108.8756103515625,7575700,0.0,0.0
2024-02-05 00:00:00-05:00,112.0199966430664,112.45999908447266,111.1500015258789,111.6500015258789,108.42888641357422,5670000,0.0,0.0
2024-02-06 00:00:00-05:00,111.81999969482422,114.51000213623047,111.72000122070312,114.0,110.71109771728516,4734600,0.0,0.0
2024-02-07 00:00:00-05:00,114.5999984741211,114.5999984741211,112.88999938964844,113.30999755859375,110.0409927368164,4757500,0.0,0.0
2024-02-08 00:00:00-05:00,113.3499984741211,113.3499984741211,111.5199966430664,112.43000030517578,109.1863784790039,6980500,0.0,0.0
2024-02-09 00:00:00-05:00,112.25,112.62999725341797,111.19000244140625,111.80999755859375,108.58426666259766,5947500,0.0,0.0
2024-02-12 00:00:00-05:00,111.5,112.62999725341797,111.20999908447266,112.52999877929688,109.28349304199219,4232100,0.0,0.0
2024-02-13 00:00:00-05:00,112.47000122070312,113.11000061035156,110.58000183105469,111.33999633789062,108.12782287597656,4263400,0.0,0.0
2024-02-14 00:00:00-05:00,111.63999938964844,112.37999725341797,111.12000274658203,112.05999755859375,108.82705688476562,3991100,0.0,0.0
2024-02-15 00:00:00-05:00,112.2699966430664,114.2699966430664,112.2699966430664,113.63999938964844,110.3614730834961,5450700,0.0,0.0
2024-02-16 00:00:00-05:00,113.5,115.48999786376953,113.44999694824219,114.01000213623047,110.7208023071289,7161100,0.0,0.0
2024-02-20 00:00:00-05:00,114.33000183105469,117.19000244140625,113.95999908447266,116.63999938964844,113.2749252319336,9601100,0.0,0.0
2024-02-21 00:00:00-05:00,115.95999908447266,117.9800033569336,115.95999908447266,117.87000274658203,114.46943664550781,6144600,0.0,0.0
2024-02-22 00:00:00-05:00,118.0999984741211,119.25,116.80000305175781,119.0199966430664,115.58625793457031,4916100,0.0,0.0
2024-02-23 00:00:00-05:00,119.37999725341797,120.1500015258789,118.86000061035156,119.45999908447266,116.01355743408203,4261300,0.0,0.0
2024-02-26 00:00:00-05:00,119.5,119.94999694824219,118.38999938964844,118.69000244140625,115.26577758789062,3483100,0.0,0.0
2024-02-27 00:00:00-05:00,118.16000366210938,119.5,117.83000183105469,119.4000015258789,115.9552993774414,3203300,0.0,0.0
2024-02-28 00:00:00-05:00,119.48999786376953,120.11000061035156,119.2699966430664,120.05000305175781,116.5865478515625,3383800,0.0,0.0
2024-02-29 00:00:00-05:00,120.31999969482422,120.44999694824219,118.52999877929688,118.63999938964844,115.21721649169922,6135200,0.0,0.0
2024-03-01 00:00:00-05:00,118.56999969482422,119.45999908447266,117.83000183105469,118.62000274658203,115.19779968261719,3899400,0.0,0.0
2024-03-04 00:00:00-05:00,118.30000305175781,120.27999877929688,118.16999816894531,120.04000091552734,116.57683563232422,3164000,0.0,0.0
2024-03-05 00:00:00-05:00,120.44000244140625,120.5999984741211,118.08000183105469,118.4800033569336,115.06183624267578,3502300,0.0,0.0
2024-03-06 00:00:00-05:00,118.5999984741211,119.58000183105469,118.41999816894531,119.33999633789062,115.89701843261719,3388700,0.0,0.0
2024-03-07 00:00:00-05:00,120.0999984741211,121.5,119.94999694824219,120.91999816894531,117.43143463134766,4200800,0.0,0.0
2024-03-08 00:00:00-05:00,120.97000122070312,121.63999938964844,120.61000061035156,120.95999908447266,117.47028350830078,3357400,0.0,0.0
2024-03-11 00:00:00-04:00,120.93000030517578,121.41999816894531,119.62000274658203,120.19000244140625,116.72249603271484,3886000,0.0,0.0
2024-03-12 00:00:00-04:00,119.94999694824219,121.08000183105469,119.05999755859375,120.76000213623047,117.27606201171875,3079700,0.0,0.0
2024-03-13 00:00:00-04:00,120.5199966430664,120.93000030517578,119.62000274658203,120.16000366210938,116.69337463378906,3421700,0.0,0.0
2024-03-14 00:00:00-04:00,120.01000213623047,120.33999633789062,117.8499984741211,118.8499984741211,115.4211654663086,4952200,0.0,0.0
2024-03-15 00:00:00-04:00,113.0199966430664,115.48999786376953,112.26000213623047,115.48999786376953,112.1581039428711,22415700,0.0,0.0
2024-03-18 00:00:00-04:00,115.3499984741211,115.76000213623047,112.29000091552734,112.44000244140625,109.19609832763672,12991000,0.0,0.0
2024-03-19 00:00:00-04:00,112.44000244140625,114.41999816894531,112.04000091552734,113.16000366210938,109.89531707763672,8299200,0.0,0.0
2024-03-20 00:00:00-04:00,113.0,113.23999786376953,110.7300033569336,111.5,108.28321838378906,8317300,0.0,0.0
2024-03-21 00:00:00-04:00,111.94999694824219,112.13999938964844,111.01000213623047,111.51000213623047,108.29293060302734,9722700,0.0,0.0
2024-03-22 00:00:00-04:00,111.5199966430664,111.9800033569336,110.54000091552734,110.56999969482422,107.38005065917969,5387700,0.0,0.0
2024-03-25 00:00:00-04:00,110.44999694824219,110.80000305175781,109.11000061035156,110.01000213623047,106.8362045288086,6622400,0.0,0.0
2024-03-26 00:00:00-04:00,110.48999786376953,111.9000015258789,109.93000030517578,111.5,108.28321838378906,7770600,0.0,0.0
2024-03-27 00:00:00-04:00,112.0,113.69999694824219,111.94000244140625,113.4800033569336,110.20608520507812,7533400,0.0,0.0
2024-03-28 00:00:00-04:00,113.27999877929688,114.0199966430664,112.93000030517578,113.66000366210938,110.38088989257812,5278000,0.0,0.0
2024-04-01 00:00:00-04:00,113.66000366210938,113.66000366210938,111.81999969482422,112.08999633789062,108.85618591308594,3964000,0.0,0.0
2024-04-02 00:00:00-04:00,111.88999938964844,112.41999816894531,111.18000030517578,112.0199966430664,108.7882080078125,4560700,0.0,0.0
2024-04-03 00:00:00-04:00,112.13999938964844,112.55000305175781,111.05000305175781,111.27999877929688,108.06956481933594,4409900,0.0,0.0
2024-04-04 00:00:00-04:00,111.83999633789062,112.0,109.83999633789062,110.11000061035156,106.93330383300781,4799700,0.0,0.0
2024-04-05 00:00:00-04:00,109.69999694824219,111.26000213623047,109.54000091552734,111.19999694824219,107.99185180664062,5591200,0.0,0.0
2024-04-08 00:00:00-04:00,111.30000305175781,111.4800033569336,110.13999938964844,110.5199966430664,107.33148193359375,5810500,0.0,0.0
2024-04-09 00:00:00-04:00,110.58999633789062,112.56999969482422,110.58000183105469,112.44000244140625,109.19609832763672,4235700,0.0,0.0
2024-04-10 00:00:00-04:00,111.22000122070312,111.66999816894531,110.3499984741211,111.16999816894531,107.96273803710938,3965500,0.0,0.0
2024-04-11 00:00:00-04:00,111.6500015258789,111.9800033569336,110.30999755859375,111.44999694824219,108.23466491699219,4321500,0.0,0.0
2024-04-12 00:00:00-04:00,110.2699966430664,110.5,108.48999786376953,109.11000061035156,106.48767852783203,4041500,0.55,0.0
2024-04-15 00:00:00-04:00,110.08999633789062,110.88999938964844,108.83000183105469,108.88999938964844,106.2729721069336,4595600,0.0,0.0
2024-04-16 00:00:00-04:00,108.83999633789062,110.33000183105469,108.13999938964844,109.20999908447266,106.58527374267578,7283900,0.0,0.0
2024-04-17 00:00:00-04:00,107.52999877929688,108.72000122070312,104.25,105.9000015258789,103.35482788085938,12002900,0.0,0.0
2024-04-18 00:00:00-04:00,106.5,107.02999877929688,104.47000122070312,105.2699966430664,102.73995971679688,7306400,0.0,0.0
2024-04-19 00:00:00-04:00,105.9800033569336,107.7699966430664,105.37999725341797,107.27999877929688,104.70165252685547,10533600,0.0,0.0
2024-04-22 00:00:00-04:00,107.4800033569336,107.9000015258789,106.2699966430664,107.06999969482422,104.49671173095703,4948300,0.0,0.0
2024-04-23 00:00:00-04:00,107.66999816894531,108.11000061035156,107.30999755859375,107.58999633789062,105.00420379638672,3849600,0.0,0.0
2024-04-24 00:00:00-04:00,106.70999908447266,107.11000061035156,105.55999755859375,106.88999938964844,104.32103729248047,5052700,0.0,0.0
2024-04-25 00:00:00-04:00,106.6500015258789,107.45999908447266,106.13999938964844,106.86000061035156,104.29175567626953,3112300,0.0,0.0
2024-04-26 00:00:00-04:00,106.51000213623047,107.86000061035156,106.38999938964844,107.52999877929688,104.9456558227539,3575600,0.0,0.0
2024-04-29 00:00:00-04:00,107.38999938964844,108.19000244140625,106.5999984741211,107.2699966430664,104.69189453125,3305100,0.0,0.0
2024-04-30 00:00:00-04:00,106.5199966430664,106.87000274658203,105.9000015258789,105.97000122070312,103.42314147949219,5074000,0.0,0.0
2024-05-01 00:00:00-04:00,105.93000030517578,107.16000366210938,105.91000366210938,106.29000091552734,103.73545837402344,4096800,0.0,0.0
2024-05-02 00:00:00-04:00,106.66000366210938,106.66000366210938,105.1500015258789,105.91999816894531,103.37433624267578,3708500,0.0,0.0
2024-05-03 00:00:00-04:00,106.11000061035156,106.63999938964844,105.4800033569336,105.9000015258789,103.35482788085938,3610300,0.0,0.0
2024-05-06 00:00:00-04:00,106.11000061035156,106.16999816894531,105.13999938964844,105.63999938964844,103.10107421875,3789500,0.0,0.0
2024-05-07 00:00:00-04:00,106.5199966430664,106.5999984741211,105.79000091552734,106.16999816894531,103.61833953857422,6556400,0.0,0.0
2024-05-08 00:00:00-04:00,106.33999633789062,106.33999633789062,104.27999877929688,104.94000244140625,102.41790008544922,6234700,0.0,0.0
2024-05-09 00:00:00-04:00,104.7300033569336,105.01000213623047,104.5,104.66999816894531,102.15438842773438,5902000,0.0,0.0
2024-05-10 00:00:00-04:00,104.5,105.66999816894531,104.41999816894531,104.73999786376953,102.22270202636719,7349600,0.0,0.0
2024-05-13 00:00:00-04:00,104.98999786376953,105.5,104.4000015258789,104.7699966430664,102.25198364257812,5459200,0.0,0.0
2024-05-14 00:00:00-04:00,104.8499984741211,105.12999725341797,103.36000061035156,104.01000213623047,101.51025390625,7035100,0.0,0.0
2024-05-15 00:00:00-04:00,104.0999984741211,104.83000183105469,104.0999984741211,104.58999633789062,102.07630157470703,5443200,0.0,0.0
2024-05-16 00:00:00-04:00,104.44999694824219,105.19000244140625,104.16000366210938,104.87000274658203,102.3495864868164,8708300,0.0,0.0
2024-05-17 00:00:00-04:00,104.41000366210938,104.80000305175781,103.94000244140625,104.08999633789062,101.58831787109375,7004600,0.0,0.0
2024-05-20 00:00:00-04:00,103.77999877929688,103.80000305175781,103.0199966430664,103.20999908447266,100.7294692993164,7165900,0.0,0.0
2024-05-21 00:00:00-04:00,103.5199966430664,103.86000061035156,102.41000366210938,102.95999908447266,100.48548126220703,4391600,0.0,0.0
2024-05-22 00:00:00-04:00,102.94999694824219,105.13999938964844,102.94000244140625,104.81999969482422,102.30078887939453,5933400,0.0,0.0
2024-05-23 00:00:00-04:00,103.95999908447266,104.91000366210938,103.44000244140625,104.2300033569336,101.72496795654297,5862200,0.0,0.0
2024-05-24 00:00:00-04:00,104.1500015258789,104.37000274658203,103.58000183105469,103.94999694824219,101.45169067382812,4455600,0.0,0.0
2024-05-28 00:00:00-04:00,103.56999969482422,103.58999633789062,101.55999755859375,101.94999694824219,99.49974822998047,4771100,0.0,0.0
2024-05-29 00:00:00-04:00,101.08999633789062,101.7699966430664,100.63999938964844,100.7300033569336,98.30908966064453,4960900,0.0,0.0
2024-05-30 00:00:00-04:00,101.27999877929688,102.61000061035156,100.86000061035156,101.73999786376953,99.29480743408203,5124000,0.0,0.0
2024-05-31 00:00:00-04:00,101.86000061035156,102.30000305175781,101.38999938964844,102.19000244140625,99.73400115966797,7915700,0.0,0.0
2024-06-03 00:00:00-04:00,102.16999816894531,104.12999725341797,101.91999816894531,102.87000274658203,100.39765167236328,4915100,0.0,0.0
2024-06-04 00:00:00-04:00,102.80000305175781,103.48999786376953,102.54000091552734,103.43000030517578,100.9441909790039,3880400,0.0,0.0
2024-06-05 00:00:00-04:00,102.93000030517578,103.41999816894531,101.9800033569336,103.2300033569336,100.74899291992188,3302300,0.0,0.0
2024-06-06 00:00:00-04:00,103.29000091552734,105.0,102.80999755859375,104.2699966430664,101.76399993896484,9835500,0.0,0.0
2024-06-07 00:00:00-04:00,103.86000061035156,108.12999725341797,103.37000274658203,107.58000183105469,104.99445343017578,8666600,0.0,0.0
2024-06-10 00:00:00-04:00,107.62999725341797,108.9800033569336,107.04000091552734,107.48999786376953,104.90660858154297,8555900,0.0,0.0
2024-06-11 00:00:00-04:00,107.31999969482422,107.31999969482422,105.52999877929688,105.80999755859375,103.2669906616211,7536000,0.0,0.0
2024-06-12 00:00:00-04:00,105.91000366210938,105.91000366210938,104.29000091552734,104.37999725341797,101.87135314941406,4569000,0.0,0.0
2024-06-13 00:00:00-04:00,103.63999938964844,103.69999694824219,102.5999984741211,103.44999694824219,100.96370697021484,4719500,0.0,0.0
2024-06-14 00:00:00-04:00,103.29000091552734,103.72000122070312,102.43000030517578,103.68000030517578,101.18817901611328,3683100,0.0,0.0
2024-06-17 00:00:00-04:00,102.91000366210938,103.94000244140625,102.54000091552734,103.44999694824219,100.96370697021484,3936200,0.0,0.0
2024-06-18 00:00:00-04:00,103.26000213623047,104.08999633789062,103.25,103.98999786376953,101.49072265625,4501000,0.0,0.0
2024-06-20 00:00:00-04:00,103.52999877929688,106.83999633789062,103.47000122070312,106.56999969482422,104.00872039794922,9154900,0.0,0.0
2024-06-21 00:00:00-04:00,106.66000366210938,106.93000030517578,105.23999786376953,105.72000122070312,103.17915344238281,10324700,0.0,0.0
2024-06-24 00:00:00-04:00,106.29000091552734,106.29000091552734,104.94000244140625,105.30000305175781,102.76924896240234,5201300,0.0,0.0
2024-06-25 00:00:00-04:00,105.4000015258789,105.9800033569336,104.81999969482422,105.48999786376953,102.95468139648438,4637400,0.0,0.0
2024-06-26 00:00:00-04:00,105.08999633789062,105.6500015258789,104.31999969482422,104.87999725341797,102.35933685302734,5406600,0.0,0.0
2024-06-27 00:00:00-04:00,105.25,105.31999969482422,103.91999816894531,104.6500015258789,102.13485717773438,4137600,0.0,0.0
2024-06-28 00:00:00-04:00,104.69999694824219,105.16000366210938,103.52999877929688,103.91000366210938,101.41265106201172,8283600,0.0,0.0
2024-07-01 00:00:00-04:00,104.16000366210938,105.51000213623047,102.61000061035156,103.19999694824219,100.71971130371094,4588900,0.0,0.0
2024-07-02 00:00:00-04:00,102.69999694824219,103.38999938964844,102.69999694824219,103.19999694824219,100.71971130371094,3650500,0.0,0.0
2024-07-03 00:00:00-04:00,103.36000061035156,103.66000366210938,102.18000030517578,102.33000183105469,99.87063598632812,2017800,0.0,0.0
2024-07-05 00:00:00-04:00,102.02999877929688,104.06999969482422,101.76000213623047,104.0199966430664,101.52001190185547,6582700,0.0,0.0
2024-07-08 00:00:00-04:00,103.77999877929688,103.8499984741211,101.94000244140625,102.12000274658203,99.6656723022461,4542000,0.0,0.0
2024-07-09 00:00:00-04:00,102.38999938964844,102.58999633789062,100.75,101.63999938964844,99.19721221923828,6268500,0.0,0.0
2024-07-10 00:00:00-04:00,101.41999816894531,103.08000183105469,101.2699966430664,103.05000305175781,100.57332611083984,6598900,0.0,0.0
2024-07-11 00:00:00-04:00,103.37999725341797,104.63999938964844,103.05999755859375,104.18000030517578,101.67616271972656,5025300,0.0,0.0
2024-07-12 00:00:00-04:00,104.66999816894531,104.93000030517578,104.11000061035156,104.22000122070312,101.7152099609375,4277600,0.0,0.0
2024-07-15 00:00:00-04:00,103.93000030517578,104.16000366210938,102.58000183105469,102.95999908447266,101.01858520507812,4970800,0.55,0.0
2024-07-16 00:00:00-04:00,102.91999816894531,103.87000274658203,102.51000213623047,102.72000122070312,100.78311157226562,7656900,0.0,0.0
2024-07-17 00:00:00-04:00,102.6500015258789,105.6500015258789,102.5,104.68000030517578,102.7061538696289,13438300,0.0,0.0
2024-07-18 00:00:00-04:00,102.38999938964844,104.1500015258789,99.70999908447266,100.06999969482422,98.18307495117188,13078800,0.0,0.0
2024-07-19 00:00:00-04:00,100.61000061035156,102.4000015258789,100.08000183105469,102.02999877929688,100.10612487792969,11963600,0.0,0.0
2024-07-22 00:00:00-04:00,102.5,103.83000183105469,102.30999755859375,103.72000122070312,101.7642593383789,7880300,0.0,0.0
2024-07-23 00:00:00-04:00,104.01000213623047,104.33000183105469,103.37000274658203,103.91999816894531,101.96047973632812,5894500,0.0,0.0
2024-07-24 00:00:00-04:00,104.22000122070312,107.30999755859375,103.54000091552734,107.26000213623047,105.23751068115234,8680900,0.0,0.0
2024-07-25 00:00:00-04:00,107.0199966430664,108.70999908447266,105.91999816894531,105.95999908447266,103.9620132446289,6356600,0.0,0.0
2024-07-26 00:00:00-04:00,106.45999908447266,107.13999938964844,104.66000366210938,105.23999786376953,103.2555923461914,8611600,0.0,0.0
2024-07-29 00:00:00-04:00,100.58999633789062,105.18000030517578,99.91999816894531,104.7699966430664,102.7944564819336,19452700,0.0,0.0
2024-07-30 00:00:00-04:00,104.76000213623047,105.68000030517578,102.77999877929688,105.31999969482422,103.3340835571289,9126300,0.0,0.0
2024-07-31 00:00:00-04:00,105.5,106.83000183105469,103.55000305175781,105.94000244140625,103.94239807128906,8238400,0.0,0.0
2024-08-01 00:00:00-04:00,106.6500015258789,110.68000030517578,106.33000183105469,110.1500015258789,108.0730209350586,9069200,0.0,0.0
2024-08-02 00:00:00-04:00,110.18000030517578,112.04000091552734,108.4000015258789,111.30999755859375,109.21114349365234,9885700,0.0,0.0
2024-08-05 00:00:00-04:00,111.33999633789062,112.0,108.37000274658203,108.62999725341797,106.5816650390625,7121400,0.0,0.0
2024-08-06 00:00:00-04:00,108.94999694824219,110.63999938964844,108.62999725341797,109.5,107.43526458740234,5634800,0.0,0.0
2024-08-07 00:00:00-04:00,109.61000061035156,112.3499984741211,109.4000015258789,109.94000244140625,107.86697387695312,6365100,0.0,0.0
2024-08-08 00:00:00-04:00,109.94999694824219,111.22000122070312,109.22000122070312,109.76000213623047,107.69037628173828,5476600,0.0,0.0
2024-08-09 00:00:00-04:00,109.27999877929688,109.27999877929688,107.69000244140625,108.70999908447266,106.66015625,5435000,0.0,0.0
2024-08-12 00:00:00-04:00,108.4000015258789,108.4000015258789,107.11000061035156,107.80000305175781,105.767333984375,4795900,0.0,0.0
2024-08-13 00:00:00-04:00,107.80000305175781,108.55999755859375,107.5999984741211,108.23999786376953,106.19902801513672,4920400,0.0,0.0
2024-08-14 00:00:00-04:00,108.06999969482422,110.18000030517578,107.70999908447266,109.88999938964844,107.81791687011719,5822900,0.0,0.0
2024-08-15 00:00:00-04:00,110.47000122070312,111.33000183105469,109.76000213623047,110.94000244140625,108.8481216430664,7458500,0.0,0.0
2024-08-16 00:00:00-04:00,111.36000061035156,111.5999984741211,110.56999969482422,111.0,108.90699005126953,4643300,0.0,0.0
2024-08-19 00:00:00-04:00,111.0,112.25,110.83999633789062,111.9000015258789,109.7900161743164,3495800,0.0,0.0
2024-08-20 00:00:00-04:00,111.81999969482422,112.08999633789062,110.33000183105469,110.7699966430664,108.68132019042969,5822400,0.0,0.0
2024-08-21 00:00:00-04:00,110.97000122070312,111.44999694824219,110.68000030517578,111.38999938964844,109.28962707519531,4081400,0.0,0.0
2024-08-22 00:00:00-04:00,111.79000091552734,112.1500015258789,111.05000305175781,112.0999984741211,109.98624420166016,3690400,0.0,0.0
2024-08-23 00:00:00-04:00,112.4000015258789,112.77999877929688,111.88999938964844,112.69000244140625,110.56512451171875,4511600,0.0,0.0
2024-08-26 00:00:00-04:00,112.73999786376953,113.26000213623047,112.05999755859375,112.69999694824219,110.5749282836914,3212700,0.0,0.0
2024-08-27 00:00:00-04:00,113.05999755859375,113.16999816894531,112.13999938964844,113.0999984741211,110.9673843383789,2705300,0.0,0.0
2024-08-28 00:00:00-04:00,113.0999984741211,113.41999816894531,112.37000274658203,112.9000015258789,110.77116394042969,3836700,0.0,0.0
2024-08-29 00:00:00-04:00,113.30000305175781,113.5,112.5199966430664,112.76000213623047,110.63379669189453,3375800,0.0,0.0
2024-08-30 00:00:00-04:00,113.0,113.47000122070312,111.88999938964844,113.2699966430664,111.1341781616211,4320100,0.0,0.0
2024-09-03 00:00:00-04:00,113.36000061035156,114.83000183105469,113.36000061035156,114.66000366210938,112.49797821044922,4436900,0.0,0.0
2024-09-04 00:00:00-04:00,114.69000244140625,115.58999633789062,113.56999969482422,114.4000015258789,112.24288177490234,3659200,0.0,0.0
2024-09-05 00:00:00-04:00,114.26000213623047,114.4800033569336,112.5199966430664,113.0999984741211,110.9673843383789,2928000,0.0,0.0
2024-09-06 00:00:00-04:00,113.62999725341797,114.33999633789062,113.01000213623047,113.86000061035156,111.71305847167969,3802200,0.0,0.0
2024-09-09 00:00:00-04:00,114.45999908447266,116.7300033569336,114.31999969482422,116.43000030517578,114.23460388183594,5101000,0.0,0.0
2024-09-10 00:00:00-04:00,116.1500015258789,117.25,115.43000030517578,117.11000061035156,114.90177917480469,4963700,0.0,0.0
2024-09-11 00:00:00-04:00,116.38999938964844,116.72000122070312,114.72000122070312,116.5999984741211,114.4013900756836,6535600,0.0,0.0
2024-09-12 00:00:00-04:00,116.5,117.30999755859375,115.58999633789062,116.83000183105469,114.62706756591797,4349300,0.0,0.0
2024-09-13 00:00:00-04:00,116.0199966430664,117.05000305175781,115.94000244140625,116.4000015258789,114.20516204833984,3350100,0.0,0.0
2024-09-16 00:00:00-04:00,117.0,117.68000030517578,116.41999816894531,117.62999725341797,115.41197204589844,3637100,0.0,0.0
2024-09-17 00:00:00-04:00,117.80000305175781,118.54000091552734,117.26000213623047,118.12999725341797,115.90253448486328,4982500,0.0,0.0
2024-09-18 00:00:00-04:00,117.5,117.5,114.5199966430664,114.87999725341797,112.71382904052734,5990200,0.0,0.0
2024-09-19 00:00:00-04:00,115.48999786376953,115.66000366210938,113.25,114.1500015258789,111.99758911132812,8144100,0.0,0.0
2024-09-20 00:00:00-04:00,113.75,114.16000366210938,113.19999694824219,113.69999694824219,111.55607604980469,8403400,0.0,0.0
2024-09-23 00:00:00-04:00,113.79000091552734,114.9000015258789,112.95999908447266,114.80999755859375,112.64514923095703,5005200,0.0,0.0
2024-09-24 00:00:00-04:00,114.20999908447266,114.41000366210938,113.18000030517578,113.33999633789062,111.2028579711914,5029800,0.0,0.0
2024-09-25 00:00:00-04:00,113.81999969482422,114.19000244140625,111.8499984741211,112.61000061035156,110.48662567138672,5159100,0.0,0.0
2024-09-26 00:00:00-04:00,112.30999755859375,112.93000030517578,112.0999984741211,112.7300033569336,110.60437774658203,3508700,0.0,0.0
2024-09-27 00:00:00-04:00,112.93000030517578,113.37999725341797,112.31999969482422,112.43000030517578,110.31002044677734,3566400,0.0,0.0
2024-09-30 00:00:00-04:00,112.56999969482422,114.08999633789062,112.0999984741211,114.01000213623047,111.86023712158203,5035600,0.0,0.0
2024-10-01 00:00:00-04:00,114.20999908447266,114.22000122070312,112.80000305175781,113.55999755859375,111.41870880126953,4264000,0.0,0.0
2024-10-02 00:00:00-04:00,113.37999725341797,113.79000091552734,112.02999877929688,113.63999938964844,111.49720764160156,3454000,0.0,0.0
2024-10-03 00:00:00-04:00,113.51000213623047,113.51000213623047,111.79000091552734,112.2300033569336,110.11380004882812,3472100,0.0,0.0
2024-10-04 00:00:00-04:00,112.12999725341797,112.75,111.68000030517578,112.63999938964844,110.51605987548828,4366300,0.0,0.0
2024-10-07 00:00:00-04:00,112.30000305175781,113.61000061035156,111.80000305175781,113.36000061035156,111.22248077392578,6912900,0.0,0.0
2024-10-08 00:00:00-04:00,113.75,115.30000305175781,113.75,114.62999725341797,112.4685287475586,4341500,0.0,0.0
2024-10-09 00:00:00-04:00,114.9800033569336,116.2699966430664,114.55999755859375,115.94999694824219,113.7636489868164,4256900,0.0,0.0
2024-10-10 00:00:00-04:00,116.22000122070312,116.8499984741211,115.44999694824219,115.62000274658203,113.43988037109375,4068300,0.0,0.0
2024-10-11 00:00:00-04:00,116.20999908447266,117.27999877929688,115.94999694824219,116.12000274658203,113.93045043945312,3471300,0.0,0.0
2024-10-14 00:00:00-04:00,116.26000213623047,117.58000183105469,115.9800033569336,117.25,115.03913116455078,3674100,0.0,0.0
2024-10-15 00:00:00-04:00,116.75,118.36000061035156,115.80999755859375,116.05000305175781,114.39839172363281,6544900,0.55,0.0
2024-10-16 00:00:00-04:00,118.01000213623047,119.5199966430664,116.63999938964844,117.81999969482422,116.14319610595703,7356200,0.0,0.0
2024-10-17 00:00:00-04:00,118.70999908447266,118.76000213623047,117.19000244140625,117.88999938964844,116.21219635009766,5046900,0.0,0.0
2024-10-18 00:00:00-04:00,117.9000015258789,119.8499984741211,117.66999816894531,119.38999938964844,117.69084167480469,6741800,0.0,0.0
2024-10-21 00:00:00-04:00,118.88999938964844,118.91999816894531,116.5999984741211,116.98999786376953,115.32501220703125,8303300,0.0,0.0
2024-10-22 00:00:00-04:00,116.87000274658203,117.19999694824219,115.83999633789062,116.12000274658203,114.46739196777344,5360000,0.0,0.0
2024-10-23 00:00:00-04:00,116.16000366210938,117.1500015258789,115.93000030517578,117.01000213623047,115.3447265625,3655600,0.0,0.0
2024-10-24 00:00:00-04:00,117.20999908447266,117.41000366210938,116.20999908447266,116.54000091552734,114.88141632080078,3768000,0.0,0.0
2024-10-25 00:00:00-04:00,116.1500015258789,116.38999938964844,113.19999694824219,114.22000122070312,112.59443664550781,5989600,0.0,0.0
2024-10-28 00:00:00-04:00,114.7699966430664,114.83000183105469,113.55000305175781,114.06999969482422,112.44656372070312,4104700,0.0,0.0
2024-10-29 00:00:00-04:00,114.13999938964844,114.73999786376953,113.3499984741211,113.4000015258789,111.7861099243164,4543600,0.0,0.0
2024-10-30 00:00:00-04:00,112.63999938964844,114.73999786376953,112.5,114.44999694824219,112.82115936279297,5188000,0.0,0.0
2024-10-31 00:00:00-04:00,113.56999969482422,114.47000122070312,113.2699966430664,113.37000274658203,111.75653076171875,5323200,0.0,0.0
2024-11-01 00:00:00-04:00,119.75,119.91999816894531,117.08999633789062,118.5999984741211,116.91209411621094,10149300,0.0,0.0
2024-11-04 00:00:00-05:00,119.5999984741211,120.56999969482422,117.4800033569336,117.6500015258789,115.97561645507812,5604000,0.0,0.0
2024-11-05 00:00:00-05:00,117.58999633789062,118.25,116.33000183105469,117.7300033569336,116.05448150634766,4059200,0.0,0.0
2024-11-06 00:00:00-05:00,121.0,121.0,115.5,116.80000305175781,115.13771057128906,5256100,0.0,0.0
2024-11-07 00:00:00-05:00,117.48999786376953,117.48999786376953,114.54000091552734,115.30000305175781,113.6590576171875,5519000,0.0,0.0
2024-11-08 00:00:00-05:00,115.33000183105469,117.25,114.69000244140625,116.58999633789062,114.93070220947266,5685700,0.0,0.0
2024-11-11 00:00:00-05:00,116.94000244140625,117.83999633789062,116.33000183105469,116.80000305175781,115.13771057128906,5301100,0.0,0.0
2024-11-12 00:00:00-05:00,116.68000030517578,117.30000305175781,116.41999816894531,116.44000244140625,114.78282928466797,4598900,0.0,0.0
2024-11-13 00:00:00-05:00,116.08000183105469,116.80999755859375,115.55000305175781,115.73999786376953,114.09278869628906,4760800,0.0,0.0
2024-11-14 00:00:00-05:00,115.9800033569336,116.08999633789062,114.93000030517578,115.02999877929688,113.39289855957031,3812300,0.0,0.0
2024-11-15 00:00:00-05:00,114.87000274658203,116.3499984741211,114.43000030517578,115.9000015258789,114.25052642822266,6898600,0.0,0.0
2024-11-18 00:00:00-05:00,115.58000183105469,117.94000244140625,115.51000213623047,117.36000061035156,115.68974304199219,6086500,0.0,0.0
2024-11-19 00:00:00-05:00,116.54000091552734,117.55000305175781,115.44999694824219,117.12999725341797,115.4630126953125,4542800,0.0,0.0
2024-11-20 00:00:00-05:00,116.69000244140625,116.7699966430664,115.52999877929688,115.93000030517578,114.28009796142578,5624400,0.0,0.0
2024-11-21 00:00:00-05:00,115.68000030517578,117.63999938964844,115.13999938964844,117.26000213623047,115.59117126464844,5561900,0.0,0.0
2024-11-22 00:00:00-05:00,117.22000122070312,118.0,116.37999725341797,117.76000213623047,116.08405303955078,5349500,0.0,0.0
2024-11-25 00:00:00-05:00,118.27999877929688,118.6500015258789,117.58000183105469,118.12999725341797,116.44878387451172,6879000,0.0,0.0
2024-11-26 00:00:00-05:00,118.63999938964844,119.0,117.01000213623047,117.95999908447266,116.28120422363281,4056800,0.0,0.0
2024-11-27 00:00:00-05:00,118.3499984741211,120.52999877929688,118.0999984741211,118.94999694824219,117.25711059570312,3510300,0.0,0.0
2024-11-29 00:00:00-05:00,118.70999908447266,119.19000244140625,117.86000061035156,118.7699966430664,117.07967376708984,2523200,0.0,0.0
2024-12-02 00:00:00-05:00,118.75,118.80999755859375,116.58999633789062,116.80999755859375,115.14757537841797,5338900,0.0,0.0
2024-12-03 00:00:00-05:00,117.0999984741211,117.44000244140625,116.06999969482422,116.29000091552734,114.63497161865234,4794900,0.0,0.0
2024-12-04 00:00:00-05:00,117.01000213623047,117.01000213623047,115.29000091552734,115.97000122070312,114.31951904296875,3557100,0.0,0.0
2024-12-05 00:00:00-05:00,115.26000213623047,116.29000091552734,114.88999938964844,115.58999633789062,113.94493103027344,3269800,0.0,0.0
2024-12-06 00:00:00-05:00,115.12999725341797,116.19999694824219,115.0999984741211,115.5999984741211,113.95478820800781,5300300,0.0,0.0
2024-12-09 00:00:00-05:00,115.66999816894531,115.87000274658203,113.8499984741211,114.9000015258789,113.26475524902344,4868000,0.0,0.0
2024-12-10 00:00:00-05:00,115.08000183105469,116.38999938964844,114.2699966430664,115.5,113.85620880126953,4072100,0.0,0.0
2024-12-11 00:00:00-05:00,115.30999755859375,115.58999633789062,114.01000213623047,114.13999938964844,112.51556396484375,4747700,0.0,0.0
2024-12-12 00:00:00-05:00,114.4000015258789,114.77999877929688,113.30000305175781,113.86000061035156,112.23956298828125,3764700,0.0,0.0
2024-12-13 00:00:00-05:00,113.8499984741211,114.29000091552734,112.13999938964844,113.37999725341797,111.7663803100586,4550500,0.0,0.0
2024-12-16 00:00:00-05:00,112.69999694824219,113.6500015258789,112.38999938964844,112.62000274658203,111.0172119140625,5047200,0.0,0.0
2024-12-17 00:00:00-05:00,112.20999908447266,113.83999633789062,112.19999694824219,113.29000091552734,111.67766571044922,5805600,0.0,0.0
2024-12-18 00:00:00-05:00,113.02999877929688,114.1500015258789,111.8499984741211,111.93000030517578,110.33702087402344,6454600,0.0,0.0
2024-12-19 00:00:00-05:00,111.54000091552734,113.30000305175781,111.27999877929688,112.41999816894531,110.8200454711914,7738700,0.0,0.0
2024-12-20 00:00:00-05:00,112.63999938964844,115.11000061035156,112.5199966430664,114.2300033569336,112.60429382324219,12311900,0.0,0.0
2024-12-23 00:00:00-05:00,114.0,114.51000213623047,112.95999908447266,114.30999755859375,112.68315124511719,4028200,0.0,0.0
2024-12-24 00:00:00-05:00,114.13999938964844,114.83000183105469,113.58999633789062,114.76000213623047,113.12675476074219,1480000,0.0,0.0
2024-12-26 00:00:00-05:00,114.19999694824219,115.80999755859375,113.81999969482422,115.2699966430664,113.62948608398438,2960500,0.0,0.0
2024-12-27 00:00:00-05:00,115.01000213623047,115.94999694824219,114.51000213623047,114.98999786376953,113.35347747802734,2829500,0.0,0.0
2024-12-30 00:00:00-05:00,114.12999725341797,114.63999938964844,112.5199966430664,112.80000305175781,111.19464874267578,3475800,0.0,0.0
2024-12-31 00:00:00-05:00,113.05999755859375,113.77999877929688,112.55000305175781,113.11000061035156,111.50022888183594,3519900,0.0,0.0
2025-01-02 00:00:00-05:00,113.69000244140625,113.95999908447266,112.76000213623047,113.44000244140625,111.82553100585938,3569100,0.0,0.0
2025-01-03 00:00:00-05:00,113.94000244140625,114.2300033569336,113.27999877929688,113.83000183105469,112.2099838256836,4416700,0.0,0.0
2025-01-06 00:00:00-05:00,113.51000213623047,114.26000213623047,112.79000091552734,113.04000091552734,111.43122863769531,6037200,0.0,0.0
2025-01-07 00:00:00-05:00,113.37000274658203,114.69000244140625,113.16999816894531,113.4000015258789,111.7861099243164,5300100,0.0,0.0
2025-01-08 00:00:00-05:00,113.54000091552734,114.30999755859375,112.26000213623047,114.25,112.6240005493164,4455800,0.0,0.0
2025-01-10 00:00:00-05:00,113.7699966430664,113.83999633789062,111.79000091552734,112.30999755859375,110.71160888671875,5108700,0.0,0.0
2025-01-13 00:00:00-05:00,112.5999984741211,113.38999938964844,111.9800033569336,113.19000244140625,111.57908630371094,4409700,0.0,0.0
2025-01-14 00:00:00-05:00,113.55999755859375,113.80999755859375,112.29000091552734,113.0199966430664,111.4114990234375,3972400,0.0,0.0
2025-01-15 00:00:00-05:00,112.1500015258789,112.76000213623047,110.86000061035156,111.0999984741211,110.09355926513672,6543700,0.59,0.0
2025-01-16 00:00:00-05:00,111.0199966430664,113.94999694824219,111.0199966430664,113.91000366210938,112.87809753417969,5598700,0.0,0.0
2025-01-17 00:00:00-05:00,113.62000274658203,114.79000091552734,113.38999938964844,113.4800033569336,112.45199584960938,6459800,0.0,0.0
2025-01-21 00:00:00-05:00,114.25,116.9000015258789,114.13999938964844,116.79000091552734,115.73200988769531,8486300,0.0,0.0
2025-01-22 00:00:00-05:00,114.12999725341797,119.94000244140625,113.5,117.77999877929688,116.7130355834961,13200700,0.0,0.0
2025-01-23 00:00:00-05:00,118.12999725341797,123.2300033569336,117.77999877929688,123.22000122070312,122.10376739501953,13089400,0.0,0.0
2025-01-24 00:00:00-05:00,122.58999633789062,125.66999816894531,122.18000030517578,125.02999877929688,123.8973617553711,9960200,0.0,0.0
2025-01-27 00:00:00-05:00,126.7300033569336,129.75999450683594,125.47000122070312,129.42999267578125,128.2574920654297,11845100,0.0,0.0
2025-01-28 00:00:00-05:00,129.75,129.85000610351562,126.66999816894531,127.38999938964844,126.2359848022461,11948500,0.0,0.0
2025-01-29 00:00:00-05:00,128.16000366210938,129.3000030517578,127.62999725341797,127.86000061035156,126.70172882080078,7609800,0.0,0.0
2025-01-30 00:00:00-05:00,127.98999786376953,129.19000244140625,127.19000244140625,128.80999755859375,127.64311981201172,6340400,0.0,0.0
2025-01-31 00:00:00-05:00,128.3699951171875,128.75999450683594,127.68000030517578,127.93000030517578,126.77108764648438,7129400,0.0,0.0
2025-02-03 00:00:00-05:00,126.6500015258789,128.9499969482422,126.01000213623047,128.4499969482422,127.286376953125,5720600,0.0,0.0
2025-02-04 00:00:00-05:00,126.44000244140625,129.1999969482422,126.0,129.10000610351562,127.93049621582031,6957400,0.0,0.0
2025-02-05 00:00:00-05:00,129.42999267578125,132.5,128.9499969482422,132.05999755859375,130.86367797851562,8680100,0.0,0.0
2025-02-06 00:00:00-05:00,131.8000030517578,131.89999389648438,128.13999938964844,128.22000122070312,127.05846405029297,6469200,0.0,0.0
2025-02-07 00:00:00-05:00,128.07000732421875,129.49000549316406,128.07000732421875,129.07000732421875,127.90077209472656,6455200,0.0,0.0
2025-02-10 00:00:00-05:00,129.07000732421875,131.42999267578125,128.60000610351562,131.30999755859375,130.12046813964844,5503600,0.0,0.0
2025-02-11 00:00:00-05:00,131.1999969482422,132.0500030517578,130.47000122070312,131.44000244140625,130.24929809570312,5314100,0.0,0.0
2025-02-12 00:00:00-05:00,130.49000549316406,130.8000030517578,129.24000549316406,130.49000549316406,129.3079071044922,4703700,0.0,0.0
2025-02-13 00:00:00-05:00,130.92999267578125,132.0399932861328,130.5500030517578,131.7899932861328,130.5961151123047,4168400,0.0,0.0
2025-02-14 00:00:00-05:00,132.32000732421875,132.64999389648438,130.52000427246094,130.61000061035156,129.42681884765625,3733900,0.0,0.0
2025-02-18 00:00:00-05:00,129.75999450683594,130.82000732421875,128.25,130.17999267578125,129.00070190429688,5116200,0.0,0.0
2025-02-19 00:00:00-05:00,130.25999450683594,132.25999450683594,130.0,132.1300048828125,130.9330596923828,3806800,0.0,0.0
2025-02-20 00:00:00-05:00,131.72999572753906,133.27999877929688,131.35000610351562,133.1699981689453,131.963623046875,5046900,0.0,0.0
2025-02-21 00:00:00-05:00,132.41000366210938,135.41000366210938,132.41000366210938,134.9199981689453,133.69776916503906,7160100,0.0,0.0
2025-02-24 00:00:00-05:00,134.49000549316406,136.58999633789062,134.3000030517578,134.9499969482422,133.7274932861328,5947200,0.0,0.0
2025-02-25 00:00:00-05:00,135.3800048828125,136.4499969482422,134.36000061035156,135.82000732421875,134.58961486816406,6385700,0.0,0.0
2025-02-26 00:00:00-05:00,135.14999389648438,136.30999755859375,134.27000427246094,135.9600067138672,134.7283477783203,5388000,0.0,0.0
2025-02-27 00:00:00-05:00,135.72000122070312,136.99000549316406,135.22000122070312,135.8699951171875,134.63916015625,4890700,0.0,0.0
2025-02-28 00:00:00-05:00,136.39999389648438,138.3699951171875,134.75,138.00999450683594,136.75978088378906,8756100,0.0,0.0
2025-03-03 00:00:00-05:00,138.1699981689453,140.83999633789062,138.00999450683594,140.22000122070312,138.94976806640625,7589800,0.0,0.0
2025-03-04 00:00:00-05:00,141.0,141.22999572753906,137.52999877929688,137.5800018310547,136.33367919921875,8356300,0.0,0.0
2025-03-05 00:00:00-05:00,136.89999389648438,138.5,136.0399932861328,137.7100067138672,136.46249389648438,8156700,0.0,0.0
2025-03-06 00:00:00-05:00,137.05999755859375,137.72000122070312,133.4600067138672,135.0800018310547,133.8563232421875,9184200,0.0,0.0
2025-03-07 00:00:00-05:00,134.50999450683594,137.47999572753906,133.9600067138672,137.13999938964844,135.8976593017578,8254800,0.0,0.0
2025-03-10 00:00:00-04:00,136.42999267578125,139.14999389648438,136.42999267578125,137.36000061035156,136.11566162109375,7028000,0.0,0.0
2025-03-11 00:00:00-04:00,137.05999755859375,137.05999755859375,132.30999755859375,132.66000366210938,131.45823669433594,9313500,0.0,0.0
2025-03-12 00:00:00-04:00,132.2899932861328,132.61000061035156,129.44000244140625,130.27999877929688,129.0998077392578,6771000,0.0,0.0
2025-03-13 00:00:00-04:00,130.27999877929688,130.85000610351562,129.0,129.88999938964844,128.7133331298828,9012900,0.0,0.0
2025-03-14 00:00:00-04:00,125.0,128.49000549316406,124.5,126.70999908447266,125.56214904785156,9537900,0.0,0.0
2025-03-17 00:00:00-04:00,126.72000122070312,127.87000274658203,126.19999694824219,127.63999938964844,126.48372650146484,6662800,0.0,0.0
2025-03-18 00:00:00-04:00,127.94999694824219,128.6199951171875,124.9000015258789,126.30000305175781,125.1558609008789,7959600,0.0,0.0
2025-03-19 00:00:00-04:00,126.33000183105469,127.77999877929688,125.77999877929688,127.41999816894531,126.26571655273438,5098500,0.0,0.0
2025-03-20 00:00:00-04:00,127.33000183105469,127.76000213623047,126.37999725341797,126.77999877929688,125.63150787353516,5158500,0.0,0.0
2025-03-21 00:00:00-04:00,126.33000183105469,126.80999755859375,125.48999786376953,126.33999633789062,125.19548797607422,8857100,0.0,0.0
2025-03-24 00:00:00-04:00,127.20999908447266,127.83999633789062,126.5999984741211,127.20999908447266,126.05760955810547,5283000,0.0,0.0
2025-03-25 00:00:00-04:00,127.68000030517578,128.7899932861328,124.5,125.5999984741211,124.46219635009766,6726800,0.0,0.0
2025-03-26 00:00:00-04:00,125.73999786376953,127.33999633789062,125.12999725341797,126.61000061035156,125.46305084228516,6053700,0.0,0.0
2025-03-27 00:00:00-04:00,127.16999816894531,131.92999267578125,126.66000366210938,131.35000610351562,130.1601104736328,8441400,0.0,0.0
2025-03-28 00:00:00-04:00,131.25999450683594,133.4600067138672,130.75,130.82000732421875,129.63491821289062,6708300,0.0,0.0
2025-03-31 00:00:00-04:00,130.80999755859375,133.1999969482422,130.63999938964844,132.64999389648438,131.4483184814453,9669600,0.0,0.0
2025-04-01 00:00:00-04:00,132.47999572753906,132.6300048828125,131.0800018310547,131.69000244140625,130.4970245361328,4228800,0.0,0.0
2025-04-02 00:00:00-04:00,130.63999938964844,132.1300048828125,129.75999450683594,131.92999267578125,130.73484802246094,4236200,0.0,0.0
2025-04-03 00:00:00-04:00,131.91000366210938,133.63999938964844,131.47999572753906,131.6300048828125,130.43759155273438,6239200,0.0,0.0
2025-04-04 00:00:00-04:00,131.22999572753906,132.39999389648438,124.0,124.44000244140625,123.31270599365234,10776900,0.0,0.0
2025-04-07 00:00:00-04:00,122.29000091552734,126.5,120.47000122070312,124.86000061035156,123.7289047241211,10371300,0.0,0.0
2025-04-08 00:00:00-04:00,127.06999969482422,127.95999908447266,122.05999755859375,123.94999694824219,122.8271484375,9880100,0.0,0.0
2025-04-09 00:00:00-04:00,121.62999725341797,127.76000213623047,120.8499984741211,127.04000091552734,125.88915252685547,10179200,0.0,0.0
2025-04-10 00:00:00-04:00,126.0,126.81999969482422,122.0199966430664,124.5,123.37216186523438,11089400,0.0,0.0
2025-04-11 00:00:00-04:00,126.05999755859375,128.52000427246094,124.04000091552734,126.87999725341797,125.73060607910156,7357000,0.0,0.0
2025-04-14 00:00:00-04:00,127.0,128.5,126.83999633789062,127.95999908447266,126.80081939697266,6988500,0.0,0.0
2025-04-15 00:00:00-04:00,127.62000274658203,128.49000549316406,125.5999984741211,126.22000122070312,125.65596771240234,8639400,0.59,0.0
2025-04-16 00:00:00-04:00,129.6999969482422,134.16000366210938,129.00999450683594,129.6999969482422,129.1204071044922,13483200,0.0,0.0
2025-04-17 00:00:00-04:00,130.3800048828125,132.7100067138672,129.66000366210938,130.97999572753906,130.39468383789062,10474500,0.0,0.0
2025-04-21 00:00:00-04:00,130.97000122070312,131.9600067138672,128.50999450683594,129.88999938964844,129.30955505371094,6046700,0.0,0.0
2025-04-22 00:00:00-04:00,129.92999267578125,132.02999877929688,129.92999267578125,131.72999572753906,131.14134216308594,5837100,0.0,0.0
2025-04-23 00:00:00-04:00,132.2100067138672,132.88999938964844,127.12999725341797,129.83999633789062,129.25978088378906,8777100,0.0,0.0
2025-04-24 00:00:00-04:00,130.02000427246094,130.1999969482422,128.02999877929688,129.3800048828125,128.80184936523438,6595500,0.0,0.0
2025-04-25 00:00:00-04:00,129.27000427246094,129.52999877929688,127.23999786376953,128.85000610351562,128.2742156982422,4849100,0.0,0.0
2025-04-28 00:00:00-04:00,129.3300018310547,130.1199951171875,128.52000427246094,129.52999877929688,128.951171875,3843300,0.0,0.0
2025-04-29 00:00:00-04:00,128.88999938964844,131.27000427246094,128.8000030517578,130.5,129.91683959960938,4315300,0.0,0.0
2025-04-30 00:00:00-04:00,130.9199981689453,131.27000427246094,128.67999267578125,130.75,130.1657257080078,8510500,0.0,0.0
2025-05-01 00:00:00-04:00,129.5,131.6300048828125,128.0,130.8800048828125,130.29515075683594,6769100,0.0,0.0
2025-05-02 00:00:00-04:00,131.91000366210938,136.8000030517578,131.3300018310547,132.82000732421875,132.22647094726562,9801400,0.0,0.0
2025-05-05 00:00:00-04:00,132.88999938964844,133.05999755859375,131.4499969482422,132.60000610351562,132.00746154785156,5752000,0.0,0.0
2025-05-06 00:00:00-04:00,131.9499969482422,133.60000610351562,130.6999969482422,133.05999755859375,132.46539306640625,6290500,0.0,0.0
2025-05-07 00:00:00-04:00,133.5,134.42999267578125,132.42999267578125,133.9499969482422,133.35140991210938,4924900,0.0,0.0
2025-05-08 00:00:00-04:00,133.25999450683594,135.22000122070312,133.0800018310547,134.0,133.4011993408203,5994500,0.0,0.0
2025-05-09 00:00:00-04:00,133.97999572753906,134.97000122070312,133.19000244140625,133.24000549316406,132.64459228515625,4976100,0.0,0.0
2025-05-12 00:00:00-04:00,131.7899932861328,133.66000366210938,130.10000610351562,131.99000549316406,131.40017700195312,5958300,0.0,0.0
2025-05-13 00:00:00-04:00,131.75,131.75,128.9199981689453,129.0500030517578,128.4733123779297,6344700,0.0,0.0
2025-05-14 00:00:00-04:00,129.3000030517578,130.13999938964844,128.19000244140625,128.55999755859375,127.98550415039062,5266900,0.0,0.0
2025-05-15 00:00:00-04:00,128.85000610351562,133.42999267578125,128.85000610351562,133.35000610351562,132.7541046142578,8406400,0.0,0.0
2025-05-16 00:00:00-04:00,133.14999389648438,135.2899932861328,132.77000427246094,134.8000030517578,134.1976318359375,7128700,0.0,0.0
2025-05-19 00:00:00-04:00,135.0,135.69000244140625,134.52999877929688,135.5500030517578,134.94427490234375,8012800,0.0,0.0
2025-05-20 00:00:00-04:00,135.0,135.8300018310547,134.5399932861328,135.1999969482422,134.5958251953125,6455300,0.0,0.0
2025-05-21 00:00:00-04:00,135.10000610351562,136.1699981689453,133.02000427246094,133.0500030517578,132.4554443359375,7209100,0.0,0.0
2025-05-22 00:00:00-04:00,132.4600067138672,132.8800048828125,131.1699981689453,131.5,130.91236877441406,6277100,0.0,0.0
2025-05-23 00:00:00-04:00,131.67999267578125,132.1699981689453,130.42999267578125,131.3000030517578,130.71327209472656,6145000,0.0,0.0
2025-05-27 00:00:00-04:00,131.85000610351562,133.83999633789062,131.52999877929688,132.94000244140625,132.34593200683594,5591000,0.0,0.0
2025-05-28 00:00:00-04:00,133.10000610351562,133.60000610351562,131.83999633789062,132.02000427246094,131.4300537109375,3622100,0.0,0.0
2025-05-29 00:00:00-04:00,131.72999572753906,133.05999755859375,131.35000610351562,132.85000610351562,132.25634765625,3078200,0.0,0.0
2025-05-30 00:00:00-04:00,132.8800048828125,134.1300048828125,131.74000549316406,133.5800018310547,132.9830780029297,14236800,0.0,0.0
2025-06-02 00:00:00-04:00,132.86000061035156,133.74000549316406,131.8800048828125,133.57000732421875,132.97312927246094,4464000,0.0,0.0
2025-06-03 00:00:00-04:00,133.1199951171875,133.97000122070312,131.61000061035156,133.7100067138672,133.1125030517578,5914900,0.0,0.0
2025-06-04 00:00:00-04:00,134.41000366210938,134.8699951171875,132.94000244140625,132.9600067138672,132.3658447265625,4057000,0.0,0.0
2025-06-05 00:00:00-04:00,133.38999938964844,134.3800048828125,132.19000244140625,133.94000244140625,133.34146118164062,5581500,0.0,0.0
2025-06-06 00:00:00-04:00,134.7899932861328,135.22000122070312,133.10000610351562,133.5800018310547,132.9830780029297,3867700,0.0,0.0
2025-06-09 00:00:00-04:00,133.02000427246094,134.2899932861328,130.82000732421875,133.39999389648438,132.8038787841797,6630100,0.0,0.0
2025-06-10 00:00:00-04:00,133.55999755859375,134.85000610351562,133.3300018310547,134.1300048828125,133.53062438964844,3579400,0.0,0.0
2025-06-11 00:00:00-04:00,134.10000610351562,135.35000610351562,132.92999267578125,135.27999877929688,134.67547607421875,4100500,0.0,0.0
2025-06-12 00:00:00-04:00,135.5399932861328,136.88999938964844,135.4600067138672,136.4499969482422,135.84024047851562,5089100,0.0,0.0
2025-06-13 00:00:00-04:00,135.77999877929688,137.05999755859375,135.25,135.6199951171875,135.01394653320312,3928900,0.0,0.0
2025-06-16 00:00:00-04:00,135.55999755859375,136.41000366210938,133.30999755859375,134.00999450683594,133.41114807128906,5084100,0.0,0.0
2025-06-17 00:00:00-04:00,133.6999969482422,134.00999450683594,132.14999389648438,132.27999877929688,131.6888885498047,5010800,0.0,0.0
2025-06-18 00:00:00-04:00,132.9499969482422,133.3699951171875,131.60000610351562,132.41000366210938,131.81829833984375,4950400,0.0,0.0
2025-06-20 00:00:00-04:00,133.66000366210938,133.67999267578125,131.99000549316406,132.99000549316406,132.39572143554688,11338200,0.0,0.0
2025-06-23 00:00:00-04:00,133.07000732421875,133.47000122070312,132.11000061035156,133.25999450683594,132.6645050048828,4887200,0.0,0.0
2025-06-24 00:00:00-04:00,133.32000732421875,139.05999755859375,132.3800048828125,138.0800018310547,137.4629669189453,9894700,0.0,0.0
2025-06-25 00:00:00-04:00,137.8699951171875,138.83999633789062,136.63999938964844,137.39999389648438,136.78599548339844,5507500,0.0,0.0
2025-06-26 00:00:00-04:00,137.32000732421875,137.5399932861328,132.7100067138672,133.6699981689453,133.07266235351562,9452900,0.0,0.0
2025-06-27 00:00:00-04:00,133.2899932861328,134.91000366210938,132.8800048828125,134.3800048828125,133.77951049804688,9513500,0.0,0.0
2025-06-30 00:00:00-04:00,134.0,136.25999450683594,134.0,136.00999450683594,135.40220642089844,5749700,0.0,0.0
2025-07-01 00:00:00-04:00,135.5399932861328,137.0800018310547,134.80999755859375,136.25999450683594,135.65109252929688,5337600,0.0,0.0
2025-07-02 00:00:00-04:00,135.27000427246094,136.33999633789062,133.83999633789062,134.11000061035156,133.51071166992188,4319600,0.0,0.0
2025-07-03 00:00:00-04:00,134.6699981689453,135.24000549316406,133.1999969482422,134.44000244140625,133.8392333984375,3114300,0.0,0.0
2025-07-07 00:00:00-04:00,134.50999450683594,134.91000366210938,132.85000610351562,133.6999969482422,133.1025390625,8927400,0.0,0.0
2025-07-08 00:00:00-04:00,133.24000549316406,134.72999572753906,132.85000610351562,133.36000061035156,132.76405334472656,4782600,0.0,0.0
2025-07-09 00:00:00-04:00,133.47000122070312,133.77000427246094,131.47000122070312,133.22000122070312,132.6246795654297,4613700,0.0,0.0
2025-07-10 00:00:00-04:00,133.72999572753906,135.0500030517578,133.00999450683594,133.60000610351562,133.00299072265625,4857100,0.0,0.0
2025-07-11 00:00:00-04:00,133.27000427246094,133.5800018310547,131.25999450683594,132.02000427246094,131.4300537109375,4661200,0.0,0.0
2025-07-14 00:00:00-04:00,132.02000427246094,133.08999633789062,131.7100067138672,132.02999877929688,131.44000244140625,4881700,0.0,0.0
2025-07-15 00:00:00-04:00,131.89999389648438,132.44000244140625,130.3000030517578,131.49000549316406,131.49000549316406,5084800,0.59,0.0
2025-07-16 00:00:00-04:00,132.1199951171875,133.02999877929688,130.30999755859375,131.74000549316406,131.74000549316406,9893000,0.0,0.0
2025-07-17 00:00:00-04:00,126.55000305175781,126.86000061035156,119.7699966430664,120.51000213623047,120.51000213623047,27560600,0.0,0.0
2025-07-18 00:00:00-04:00,122.62999725341797,125.62999725341797,122.2699966430664,123.66999816894531,123.66999816894531,19571900,0.0,0.0
2025-07-21 00:00:00-04:00,124.26000213623047,126.02999877929688,121.5999984741211,124.41999816894531,124.41999816894531,10308000,0.0,0.0
2025-07-22 00:00:00-04:00,124.33000183105469,126.37999725341797,124.2300033569336,125.7300033569336,125.7300033569336,7098400,0.0,0.0
2025-07-23 00:00:00-04:00,126.31999969482422,127.04000091552734,123.25,125.83000183105469,125.83000183105469,6439600,0.0,0.0
2025-07-24 00:00:00-04:00,125.27999877929688,125.9800033569336,124.69999694824219,125.63999938964844,125.63999938964844,4708000,0.0,0.0
2025-07-25 00:00:00-04:00,125.7699966430664,126.7300033569336,125.44999694824219,126.54000091552734,126.54000091552734,4741200,0.0,0.0
2025-07-28 00:00:00-04:00,126.1500015258789,126.98999786376953,125.62999725341797,126.3499984741211,126.3499984741211,8168400,0.0,0.0
2025-07-29 00:00:00-04:00,126.01000213623047,128.10000610351562,125.47000122070312,128.00999450683594,128.00999450683594,5834100,0.0,0.0
2025-07-30 00:00:00-04:00,127.97000122070312,129.6999969482422,127.08000183105469,128.5500030517578,128.5500030517578,5359700,0.0,0.0
2025-07-31 00:00:00-04:00,127.54000091552734,129.14999389648438,125.80999755859375,126.19000244140625,126.19000244140625,6722600,0.0,0.0
2025-08-01 00:00:00-04:00,125.47000122070312,127.7699966430664,125.47000122070312,127.29000091552734,127.29000091552734,5453300,0.0,0.0
2025-08-04 00:00:00-04:00,127.44999694824219,130.1300048828125,127.44999694824219,129.92999267578125,129.92999267578125,5671400,0.0,0.0
2025-08-05 00:00:00-04:00,129.91000366210938,131.47999572753906,129.25,130.69000244140625,130.69000244140625,5355400,0.0,0.0
2025-08-06 00:00:00-04:00,130.0800018310547,131.72000122070312,129.80999755859375,130.92999267578125,130.92999267578125,5170100,0.0,0.0
2025-08-07 00:00:00-04:00,131.16000366210938,132.5,130.72999572753906,132.05999755859375,132.05999755859375,4690600,0.0,0.0
2025-08-08 00:00:00-04:00,131.8000030517578,134.7100067138672,131.75,134.27999877929688,134.27999877929688,4985400,0.0,0.0
